,0,1,2,3,4,5,6,7,8,9,10,11,12,13,14,15,16,17,18,19,20,21,22,23,24,25,26,27,28,29,30,31,32,33,34,35,36,37,38,39,40,41,42,43,44,45,46,47,48,49,50,51,52,53,54,55,56,57,58,59,60,61,62,63,64,65,66,67,68,69,70,71,72,73,74,75,76,77,78,79,80,81,82,83,84,85,86,87,88,89,90,91,92,93,94,95,96,97,98,99,100,101,102,103,104,105,106,107,108,109,110,111,112,113,114,115,116,117,118,119,120,121,122,123,124,125,126,127,128,129,130,131,132,133,134,135,136,137,138,139,140,141,142,143,144,145,146,147,148,149,150,151,152,153,154,155,156,157,158,159,160,161,162,163,164,165,166,167,168,169,170,171,172,173,174,175,176,177,178,179,180,181,182,183,184,185,186,187,188,189,190,191,192,193,194,195,196,197,198,199,200,201,202,203,204,205,206,207,208,209,210,211,212,213,214,215,216,217,218,219,220,221,222,223,224,225,226,227,228,229,230,231,232,233,234,235,236,237,238,239,240,241,242,243,244,245,246,247,248,249,250,251,252,253,254,255,256,257,258,259,260,261,262,263,264,265,266,267,268,269,270,271,272,273,274,275,276,277,278,279,280,281,282,283,284,285,286,287,288,289,290,291,292,293,294,295,296,297,298,299,animals
0,0.02782168,0.09197174,-0.015231103,0.054245014,-0.06697129,-0.037961446,0.028304627,-0.04856348,0.024748314,0.07633565,0.001780465,-0.09537701,-0.013478154,0.060961723,-0.088734105,-0.003952559,-0.014218156,0.119150475,-0.027952278,-0.041546702,-0.037127115,-0.013718404,-0.04706413,0.021291604,0.015759364,-0.081833735,-0.102403976,0.071383476,0.018488886,-0.04736082,-0.012858829,3.0045164e-06,-0.01377249,-0.024577323,-0.014674681,-0.018414699,-0.033467844,-0.030992959,0.06877138,0.04691994,0.11009492,-0.012969536,0.033809584,0.019126913,-0.020559888,-0.077787556,-0.007086095,0.021468695,0.0478278,0.033043735,-0.007980761,0.009239355,-0.01533069,-0.028962443,0.003551047,0.064931616,-0.019847538,-0.07328675,0.051001836,-0.017669464,-0.07166663,0.04176296,-0.08562173,-0.1137982,-0.0201598,0.000609008,0.002872366,0.085887745,-0.046767056,0.061740838,0.029261151,0.014264351,0.05178032,-0.009774647,-0.09587635,-0.09442581,0.035327643,0.053472072,0.00511439,0.09350683,0.010719314,-0.05150469,0.0419587,-0.004173846,-0.004013023,-0.03331744,-0.10162933,0.06851267,-0.017613184,0.029912317,0.006233673,0.011336146,-0.058645666,-0.06474037,0.032185424,-0.06560464,0.052334797,-0.028157985,0.013525613,-0.033736415,0.018103827,-0.0790155,0.019793812,0.015038651,-0.000324786,-0.06443125,0.001086974,-0.021284882,0.030160418,-0.036052268,-0.07119847,0.004005226,-0.018091636,0.01896513,0.049763948,0.011179511,0.041526143,-0.017722325,0.035948984,0.037373517,-0.10246216,-0.009290475,-0.07613967,0.006974228,-0.026539266,0.003646781,-0.040778507,-0.01746702,0.03595749,0.057604957,0.005531071,-0.040925752,-0.06976788,0.01493825,-0.028719356,-0.04608491,0.03366459,-0.04478427,-0.006703943,0.08551256,0.053319972,-0.036967624,0.008600934,0.037872646,0.04848804,0.03534329,-0.016307581,-0.01923916,-0.048907913,0.011398422,0.055239923,0.0321871,-0.08938944,0.023790747,-0.021648351,-0.016911032,-0.03349026,-0.051149566,-0.040124465,-0.037046928,0.001009263,0.054562528,0.028880468,0.024868554,0.01310505,-0.02175192,0.012705313,-0.033126835,-0.003188547,-0.008410457,-0.1431429,-0.011261599,-0.044410847,-0.05334269,-0.01136765,-0.02567977,0.0421919,-0.06168878,-0.04666527,-0.015149963,-0.10521535,-0.06400534,0.024887843,-0.03193393,-0.046831667,-0.026398119,-0.021017151,-0.008159272,0.06454322,0.063602865,0.005427308,-0.05481987,0.018272992,-0.039947465,-0.087020025,0.020336274,-0.001338789,-0.041633368,-0.06143459,-0.10790871,0.10772876,-0.002694118,-0.02426369,-0.012893382,-0.005402527,0.013325185,0.011798332,-0.013105033,0.005655445,-0.010052161,-0.09943183,0.010591665,-0.043938465,0.03213986,-0.056726474,0.03209794,0.090260856,-0.021105144,-0.08725362,0.003271983,0.030469378,0.00901363,-0.037838303,-0.0342758,0.03637472,-0.013687168,0.042935736,0.020871667,0.03924275,0.0274867,0.013870779,-0.059478015,0.063650176,0.06492491,0.051235132,-0.033461176,-0.013193332,-0.037319142,0.04495754,-0.001375434,0.018420363,-0.025334183,-0.005988938,-0.07880428,0.04471621,0.013846958,0.01595545,0.04488121,-0.004274169,-0.006328248,0.025690172,0.017750172,0.017640164,0.06197794,0.0271741,-0.08358383,0.017708216,0.002808522,-0.07529701,0.002676519,-0.005199271,-0.005486331,-0.052093625,0.08218611,0.06674369,0.11075006,-0.053148843,-0.0100748,-0.052223474,0.008929944,0.003138833,0.09575812,0.016115975,0.05568876,0.07090209,-0.07214473,-0.035279207,-0.07696189,-0.019533817,-0.008533391,0.018656287,-0.029729832,0.05744211,0.032782577,-0.013699733,-0.022821937,-0.05746325,0.010426709,0.043060735,0.05400715,-0.093671784,0.003354309,-0.06725774,0.019352946,-0.017807532,0.028914694,0.019387793,-0.010381488,0.041141752,0.013429488,antelope
19,0.020401347,0.064649925,-0.008966302,0.08183397,-0.067876115,-0.013611418,0.04314179,-0.049760934,0.06091143,0.07006216,-0.014333258,-0.08977768,-0.008186895,0.057929464,-0.09841346,0.005994708,-0.017766315,0.11439148,-0.02986156,-0.057149827,-0.04828129,-0.010103526,-0.03100642,0.00273112,0.01813926,-0.06987035,-0.11038367,0.07427789,0.03376834,-0.03858436,-0.001809218,0.002749901,-0.022821788,-0.004313844,-0.006424143,-0.012654136,-0.01598017,-0.020409288,0.05023362,0.046124604,0.10097531,-0.018707272,0.049956553,-0.00228668,-0.018235702,-0.06692388,-0.002360887,0.029117111,0.030446261,0.016108198,0.005799948,0.023267824,-0.014078277,-0.027577346,0.027495626,0.043516554,-0.009473554,-0.07920666,0.06580091,-0.03734251,-0.0628798,0.07042165,-0.079368755,-0.10403918,-0.02309347,-0.026597297,-0.006849872,0.113286294,-0.054107767,0.043478757,0.04461932,0.013463189,0.063133605,-0.004385398,-0.07868667,-0.080250844,0.044066034,0.068051755,0.021101065,0.099186726,0.005786386,-0.06547098,0.036618996,-0.014610033,-0.02240805,-0.04783083,-0.107158266,0.0532135,-0.011253924,0.037619643,0.01839358,0.01727371,-0.056958467,-0.06681122,0.023501934,-0.058819998,0.049861547,0.008855397,0.007327069,-0.01018803,-0.01033246,-0.07055557,0.017778683,0.020793704,-0.004285568,-0.07565112,9.0609115e-05,-0.026556611,0.018211674,-0.04228233,-0.074294366,0.003420186,-0.012259816,0.004406869,0.050789606,0.007310372,0.042008866,-0.023820093,0.039418716,0.041071314,-0.09235518,0.005884901,-0.07286322,0.02683112,-0.053027563,0.000251692,-0.032355674,-0.012562689,0.02183786,0.0504215,0.00224181,-0.058937848,-0.07597422,0.004504358,-0.00726324,-0.059798807,0.041390415,-0.048112772,-0.006917247,0.06837429,0.046510763,-0.034965463,0.00785766,0.026161948,0.03971862,0.008048276,-0.02275733,-0.02705026,-0.042947423,0.005684125,0.056774624,0.012916712,-0.10277265,0.020299263,-0.028147414,-0.010715099,-0.04571227,-0.063052595,-0.04614173,-0.014209208,0.005798663,0.06263874,0.006960263,0.041402273,0.030180356,-0.02574125,0.025715727,-0.014729577,0.017790971,-0.0059986,-0.1404647,-0.022417571,-0.023142647,-0.041822083,-0.0185242,-0.036163516,0.03851001,-0.04694678,-0.041889,-0.004007959,-0.08752215,-0.062738575,0.004276256,-0.00305655,-0.0430525,-0.04052854,-0.03295531,0.009565057,0.07424565,0.0788901,-0.012324981,-0.030403221,0.024158446,-0.038460318,-0.08776091,0.027573863,-0.00191514,-0.03760501,-0.05789377,-0.096873775,0.07743341,0.014091425,-0.05326107,-0.03062654,-0.019981125,0.018805267,0.012331661,-0.009364123,0.014219468,-0.02177089,-0.088167325,0.007528623,-0.04322475,0.05890233,-0.075767115,0.033386294,0.11523678,-0.015041716,-0.095003694,0.007877301,0.017987171,0.002969782,-0.042111687,-0.05209868,0.042052336,-0.009183881,0.04988623,0.033060502,0.035278473,0.019357668,0.025973309,-0.04615432,0.039324008,0.048158795,0.038765296,-0.014084305,0.006656911,-0.047808316,0.055019595,-0.004113252,0.040732127,-0.027964408,0.003799613,-0.09016388,0.03694533,0.017684491,0.030664375,0.039131556,-0.001434461,-0.008913739,0.009439432,0.022911677,0.039146114,0.056624155,0.037176337,-0.063464895,0.022606377,0.016755493,-0.06681118,0.00623394,-0.005611596,-0.006788552,-0.06390623,0.08488027,0.06742755,0.11361128,-0.050282933,-0.000178293,-0.039183177,-0.021398887,0.010878466,0.09828771,0.0583153,0.07308351,0.06925271,-0.06542597,-0.045752965,-0.07322974,-0.019450452,-0.010675292,0.025042329,-0.018340386,0.06822379,0.045119677,0.009584853,-0.02148297,-0.083034456,0.010081001,0.028869638,0.028582135,-0.085360445,0.011976021,-0.050645888,0.021032605,-0.019679692,0.010876926,0.02746794,-0.016625693,0.056423612,0.019283678,grizzly+bear
24,0.022520086,0.07616652,-0.014113088,0.06892596,-0.08963859,-0.0315815,0.019780427,-0.049212553,0.06081156,0.07711401,-0.016655767,-0.116887294,-0.019701375,0.030790549,-0.09580541,0.007048742,-0.00674508,0.10164201,-0.038654488,-0.032983623,-0.019060839,-0.004673758,-0.0372426,0.004002825,0.021635426,-0.06859861,-0.090687886,0.07338263,0.03990238,-0.052913856,-0.032851107,0.024773192,-0.035205208,-0.011677424,0.008811004,-0.008659901,-0.02417155,-0.006749191,0.060655408,0.030016508,0.08111893,-0.006390036,0.035316847,0.025606116,-0.013844269,-0.058777124,-0.001390214,0.033379517,0.057476543,0.0402311,-0.006864765,0.022783976,0.010518691,-0.04160152,0.009965267,0.049310286,-0.03503259,-0.07792546,0.07022161,-0.024148116,-0.061429672,0.058392704,-0.07861882,-0.12786298,-0.010521797,-0.01914186,-0.03513868,0.100532696,-0.05072274,0.026185194,0.015502766,0.001873036,0.051212758,-0.002268988,-0.100712836,-0.08831391,0.044412922,0.04685528,0.019948209,0.082325466,0.00161009,-0.0585657,0.040723808,-0.010980219,-0.005361253,-0.037330188,-0.104649544,0.033911705,-0.008282966,0.03061452,0.027361194,0.0306411,-0.050221194,-0.051448338,0.025609259,-0.049189888,0.058845855,-0.002924593,0.025789404,0.004055294,0.00664856,-0.060717303,0.013345663,-0.00634008,-0.003160517,-0.055071425,0.016004795,-0.04102852,0.053385742,-0.028741222,-0.07761844,0.002348847,-0.000380838,0.023127023,0.050412476,0.018342849,0.029745573,-0.020283159,0.043076124,0.03482865,-0.08681241,0.003620602,-0.053253323,0.027122214,-0.03354166,-0.016323632,-0.024659406,-0.0092532,0.005541078,0.055961393,0.01685879,-0.05121352,-0.075260215,0.01071481,-0.021506783,-0.05940489,0.04335559,-0.051954526,-0.016828781,0.06499022,0.062076826,-0.034841664,0.009795333,0.041333728,0.053944945,0.03672689,-0.010883093,0.003011765,-0.047115292,0.024889529,0.08001481,0.014122104,-0.10913117,0.04640599,-0.006188063,-0.017363403,-0.025384068,-0.07021062,-0.0325913,-0.031606436,0.00116168,0.07310332,0.015142689,0.05023422,0.032874055,-0.035823617,0.007522978,-0.03202259,-0.012707199,0.002647503,-0.13630863,-0.033343546,-0.024842314,-0.037116796,-0.027183231,-0.024493087,0.020997673,-0.03135643,-0.049165614,0.000297779,-0.08966808,-0.06973455,-0.006890161,-0.008896912,-0.020201182,-0.021378078,-0.018138226,-0.00220967,0.07984906,0.06251396,-0.023236956,-0.037865702,0.022448298,-0.05296387,-0.08137994,0.028161755,0.004470737,-0.033434287,-0.059400957,-0.11575459,0.08371539,-0.005424534,-0.052280087,-0.027990405,-0.025600761,0.007147973,0.003516875,-0.02721562,-0.007512183,-0.021327225,-0.106408104,0.011299093,-0.01681727,0.049366217,-0.061944067,0.029352307,0.12573227,-0.014279865,-0.087854296,0.009569643,0.03873784,0.007688336,-0.020782696,-0.050810743,0.04009087,-0.03434933,0.042231977,0.05587977,0.04109758,0.007189578,0.03950889,-0.06914588,0.034525633,0.025636742,0.05847507,-0.030010287,0.004362828,-0.022615109,0.07036431,0.007388648,0.033371046,-0.025509948,-0.002713725,-0.09193302,0.025451547,0.010583585,0.008058073,0.051439334,-0.012375856,-0.014956499,-0.003364002,0.007318836,0.03177389,0.04773081,0.043411605,-0.0819789,0.026854124,0.008279295,-0.06899311,-0.011909805,-0.007922238,-0.006803613,-0.07310666,0.080693714,0.031700566,0.11070321,-0.059586383,-0.005249838,-0.026290566,-0.008230863,-0.000926694,0.100565016,0.03719569,0.09018702,0.09033518,-0.06555628,-0.07902284,-0.06378054,-0.015262118,-0.01386708,0.011167631,-0.022762718,0.0544271,0.04009815,0.011358953,-0.00449612,-0.06049637,-0.00525129,0.052824922,0.059442572,-0.052924357,-0.007659934,-0.070903525,0.00824472,-0.03163637,0.011391412,0.031777687,-0.008358358,0.05814919,0.00947383,killer+whale
2,0.011993605,0.07213727,-3.63E-05,0.07644459,-0.08127474,-0.022680786,0.031659115,-0.039641064,0.042011816,0.074180074,-0.013630813,-0.10564808,-0.019555386,0.053279422,-0.096928686,-0.005569159,-0.013785794,0.102003336,-0.023738403,-0.020240685,-0.027042186,-0.006680657,-0.03650586,0.013513982,0.010593558,-0.05494342,-0.09278099,0.07528084,0.013779593,-0.060165156,-0.018994635,0.00036275,-0.023208657,-0.006904416,0.00241806,-0.026243102,-0.010831842,-0.01964269,0.0550753,0.041385323,0.094138786,-0.012312587,0.056333292,0.004946103,-0.021444278,-0.07273443,-0.010080328,0.031371463,0.041008305,0.046589486,0.011585891,0.019701637,-0.005072672,-0.034178354,0.012182438,0.03395272,-0.025220057,-0.0779334,0.067134574,-0.029033627,-0.052787505,0.06484998,-0.082858466,-0.0973985,-0.028114835,-0.02786919,-0.026798468,0.105904385,-0.04244875,0.046265967,0.051280327,0.009338242,0.061597694,-0.01878174,-0.08540495,-0.08926662,0.044185717,0.03255223,0.022906572,0.07742673,-0.00477554,-0.04575644,0.024813494,-0.009740998,-0.01769016,-0.028644528,-0.103643715,0.056624424,-0.008159089,0.03086201,0.007438646,0.024397612,-0.049858656,-0.061040323,0.004265077,-0.06648405,0.030968437,-0.025733683,0.016721725,-0.012175879,-0.003168725,-0.0707302,0.030837063,0.017595574,-0.012799135,-0.06886241,0.00476936,-0.031926744,0.031122113,-0.04050579,-0.07212973,-0.005431003,-0.017086316,0.011139909,0.051501643,0.014575431,0.050133735,-0.003918969,0.014867376,0.02549563,-0.09113399,-0.016022384,-0.06082954,0.03666087,-0.025102785,-0.003213297,-0.03825,-0.009316537,0.022445967,0.05288284,0.002285794,-0.05112217,-0.0815725,-0.003545101,-0.01861478,-0.035026625,0.02942865,-0.054566752,-0.005738848,0.067171164,0.044576325,-0.030051654,0.006160264,0.012410322,0.039829046,0.02291092,-0.025444528,-0.020160487,-0.05217324,0.0068715,0.06288155,-0.006005884,-0.09027083,0.038949013,-0.028951133,-0.029677281,-0.024461934,-0.07206324,-0.035913378,-0.016821183,0.014905142,0.061992504,0.01942448,0.053644516,0.014748936,-0.035815798,0.02177597,-0.014727749,0.010487461,-0.017561398,-0.14037362,-0.012333144,-0.0433658,-0.040707123,-0.019329997,-0.026530394,0.047859766,-0.050192177,-0.060771503,0.026307423,-0.0957392,-0.061319232,0.01797212,-0.02006606,-0.027801475,-0.029543122,-0.02367501,0.004002998,0.101037845,0.07153417,-0.012335492,-0.03201691,0.011635604,-0.03795665,-0.08139904,0.010099185,-0.003697751,-0.046865743,-0.07342307,-0.10949312,0.07161136,0.007474436,-0.042415448,-0.02831838,-0.004358179,0.012668407,0.015307233,-0.02610048,0.002773674,-0.010196108,-0.09088138,0.013320496,-0.04818716,0.05637558,-0.044617712,0.03172867,0.0983935,-0.029470557,-0.08447769,0.010278935,0.025137037,-0.003021281,-0.04016225,-0.03592973,0.03916265,-0.025759825,0.029168805,0.036072474,0.024318736,0.01837517,0.02365385,-0.04187586,0.033612065,0.022898432,0.029393604,-0.034802474,0.023003682,-0.049330242,0.06888955,0.008000029,0.03582982,-0.016315116,0.000598216,-0.09654566,0.046432443,0.020055331,0.007486673,0.040184308,-0.027034601,-0.024158066,-0.007661668,-0.002838517,0.030864138,0.06731947,0.033998124,-0.076178,0.01753535,-0.001831716,-0.08799822,0.0085801,-0.014122625,-0.010821952,-0.056276977,0.07817514,0.054600514,0.13153064,-0.058343053,-0.002034815,-0.03257761,-0.010425206,-0.001868314,0.088500604,0.045911502,0.053474534,0.07646885,-0.06942575,-0.03531939,-0.07329808,-0.015353058,-0.018150993,0.027318468,-0.025523206,0.084537014,0.066687524,0.010901764,-0.023072915,-0.07178737,0.016082484,0.053656332,0.058793586,-0.09459496,0.030415764,-0.077407256,0.019873211,-0.025901303,0.011293193,0.013878147,-0.015618431,0.054697275,0.012965758,beaver
10,0.025982967,0.06503172,-0.001872554,0.07658369,-0.066208914,-0.023612728,0.0463833,-0.07108767,0.042063538,0.06639153,-0.013027778,-0.09687952,-0.008417124,0.047121294,-0.07849201,0.025951255,0.000557537,0.12323054,-0.042956524,-0.049817402,-0.026449714,0.008055925,-0.042836092,0.002410452,0.008952828,-0.03822378,-0.1095411,0.082778186,0.023283655,-0.035719052,-0.01834188,-0.011921984,-0.022350483,-0.003244923,0.003990924,-0.0233555,-0.011704234,-0.019123081,0.035471115,0.048720695,0.0958844,-0.038116455,0.041156307,0.006258079,-0.017974932,-0.04863695,-0.02460068,0.03201752,0.03342747,0.040883366,0.003099367,0.06638014,8.4975734e-05,-0.010987608,0.027322495,0.05726074,0.008650686,-0.09500949,0.04448656,-0.020338308,-0.039553273,0.06479777,-0.08566991,-0.09098686,-0.02642366,0.016574573,-0.034367595,0.09139653,-0.036433216,0.066312745,0.058956735,0.030520257,0.04427029,0.021157363,-0.0742277,-0.068384856,0.09691888,0.056048192,0.039951555,0.10738343,0.006165297,-0.06446473,0.03257205,-0.00238806,-0.03549375,-0.054454964,-0.10625877,0.067558,0.001757434,0.023064159,-0.000407843,0.005668756,-0.05055343,-0.06318543,0.021068865,-0.056782722,0.038991768,0.01177303,-0.025625989,-0.026701987,-0.015007094,-0.05920682,0.02307367,0.029462907,-0.003221979,-0.07033138,0.030658284,-0.051095746,0.021679183,-0.036715202,-0.061107058,0.027915318,-0.006245687,0.002236122,0.07384141,0.013882862,0.02912325,-0.034257967,0.045516822,0.02542358,-0.09105896,-0.019970767,-0.04049235,0.023332441,-0.031134596,0.009792835,-0.041536845,-0.022084964,0.03206164,0.043685216,-0.024614004,-0.04939767,-0.080277786,0.003438835,-0.0333542,-0.04164345,0.03247679,-0.034951754,-0.005521752,0.06624697,0.046975378,-0.029908095,-0.013561705,0.014387133,0.03523421,0.02019737,-0.019597778,-0.047908045,-0.062123604,0.007085241,0.055456925,0.02443954,-0.06691714,0.02647156,-0.03530126,-0.02091447,-0.038623832,-0.073602356,-0.041910503,-0.009346766,0.016933475,0.045594618,0.025516594,0.03895185,0.029309267,-0.031049553,0.010623504,-0.018764582,0.007517639,-0.019145384,-0.1335296,-0.03622488,-0.019936183,-0.04748431,-0.026529511,-0.001394621,0.037266012,-0.06644664,-0.06382163,-0.00267099,-0.061600607,-0.045719918,-0.003854204,-0.006561193,-0.03345661,-0.03524509,-0.015833044,0.002200183,0.08423805,0.061424233,-0.006112529,-0.012095364,0.027220512,-0.03080897,-0.056523006,0.008969839,-0.029379364,-0.026188295,-0.06725446,-0.089830026,0.047254384,0.001608982,-0.06003679,-0.021992458,-0.006603641,-0.014667964,-0.025943467,-0.015159106,0.032601066,-0.014480019,-0.087781176,0.020550836,-0.050937653,0.075584166,-0.049936242,0.026786547,0.093432344,-0.021598538,-0.117126346,-0.004934083,0.015018675,0.020217545,-0.029801842,-0.05332781,0.02323313,-0.012661393,0.029351553,0.019160468,0.041197143,0.000714251,0.014850716,-0.044426627,0.03404009,0.06600292,0.037243076,0.000923594,0.000668744,-0.041451998,0.060071073,0.000427814,0.027889844,-0.0172402,-0.000218773,-0.072495796,0.036912955,0.033696197,0.002313663,0.04724888,-0.008010106,-0.04161732,0.013762912,0.036086075,0.024208989,0.060358934,0.016271867,-0.06613289,0.010679403,0.023734897,-0.08062457,0.001069541,-0.021874828,0.015144251,-0.06944947,0.0767121,0.06503906,0.09694908,-0.04795929,-0.0173631,-0.062805906,-0.009052491,0.02950127,0.10613551,0.034946702,0.06740741,0.06602401,-0.058077417,-0.030436996,-0.08502839,-0.028349394,-0.003157277,0.045419503,-0.013782812,0.045558743,0.044647492,0.003026287,-0.006593672,-0.07999104,0.001209133,0.043446593,0.0298949,-0.091595165,0.023374856,-0.08638499,0.014855897,0.004159183,0.003029049,0.032143116,0.004531513,0.03771373,0.009488294,dalmatian
32,0.019790515,0.0558982,0.00986685,0.08526948,-0.07903064,-0.00266076,0.053055245,-0.05469675,0.052160103,0.060803495,-0.030454272,-0.10415697,-0.013619496,0.05575364,-0.09115914,0.018582419,0.014588056,0.12577946,-0.02390042,-0.040803056,-0.013907309,-0.015443431,-0.03705003,-0.001805726,0.014382337,-0.038732328,-0.090835996,0.08964745,0.021555584,-0.03551302,-0.02978741,-0.006092803,-0.027178477,-0.01275414,0.002448068,-0.020016033,-0.01105628,-0.018303616,0.04492414,0.03438827,0.083534054,-0.02997616,0.052719027,0.005584166,-0.013604939,-0.052794702,-0.017840369,0.03384865,0.03314091,0.023285907,-0.01119899,0.051198177,-0.010509618,-0.013492905,0.023923267,0.0593473,-0.013218408,-0.08590955,0.06724238,-0.009647498,-0.04575014,0.06338458,-0.08004321,-0.07062589,-0.019182928,-0.001830483,-0.023393732,0.106860496,-0.04128064,0.044879586,0.05840065,0.012236181,0.07333358,0.005261101,-0.09537177,-0.08150039,0.065091744,0.07243915,0.032756083,0.0981493,0.001740959,-0.059461433,0.032327034,-0.002253116,-0.027839473,-0.048385467,-0.0951605,0.0592672,-0.01772635,0.034009412,0.012246098,0.000216293,-0.052462272,-0.06937376,0.012289712,-0.049472313,0.05688519,0.000176222,-0.010118748,-0.012101282,0.000181018,-0.06621349,0.010769068,0.013556371,-0.013294752,-0.07028094,0.005131745,-0.039616574,0.026422272,-0.05774535,-0.0627884,0.00552144,-0.009230891,0.000908755,0.054753117,0.02085854,0.035818674,-0.024838489,0.045088857,0.032132108,-0.095405325,-0.003864548,-0.06031412,0.01865756,-0.048504654,0.005462406,-0.04467723,-0.025598582,0.03371946,0.034865055,-0.011435812,-0.054018904,-0.08227526,-0.008536952,-0.014303203,-0.049949083,0.03816125,-0.036901027,-0.001238843,0.062374305,0.055777274,-0.029491222,-0.026970094,0.025406862,0.047099143,0.015862783,-0.023608107,-0.03088504,-0.05976061,0.003764255,0.061624013,0.021323856,-0.087590314,0.011904207,-0.029608628,-0.020002345,-0.04775165,-0.06779503,-0.05729113,-0.0029321,0.004851457,0.043551624,0.013887671,0.035670184,0.010036426,-0.036585588,0.011847359,-0.01707315,0.002299733,-0.015060274,-0.12957089,-0.027624795,-0.037854664,-0.043542705,-0.018897587,-0.005603135,0.044149116,-0.074133076,-0.057919957,0.004714753,-0.076662876,-0.03088387,0.01634455,-0.009689711,-0.03864648,-0.029790968,-0.028839316,0.008228624,0.088694945,0.059060562,-0.000876954,-0.035832826,0.019265125,-0.041136734,-0.07252442,0.022011708,-0.02837671,-0.04105179,-0.06021273,-0.094018936,0.05727146,0.017360464,-0.057092357,-0.017535374,0.003408248,-0.001755473,-0.006216271,-0.019958753,0.016355958,-0.02400877,-0.08890092,0.017025156,-0.04119808,0.058321573,-0.05607645,0.010123163,0.08782225,-0.004598578,-0.110054016,-0.001427878,0.014591984,0.015904913,-0.038812816,-0.039716177,0.025203098,-0.014794519,0.03220345,0.020699205,0.04511419,0.013990651,0.02046291,-0.03822609,0.03491617,0.04972772,0.041369632,-0.015855767,0.016347889,-0.03364236,0.0531457,0.012419531,0.0379937,-0.014065851,0.017898781,-0.07389115,0.031821482,0.018573007,0.004740308,0.057369493,-0.023134034,-0.037073262,0.003720627,0.022263575,0.02885301,0.048747282,0.016814228,-0.060660698,0.01645343,0.027350644,-0.0604726,-0.002795202,-0.008230611,0.007352455,-0.08166491,0.073767625,0.0541282,0.11725281,-0.04567603,-0.007832743,-0.05233376,-0.017138127,0.02774353,0.10986842,0.04503011,0.05867224,0.057370115,-0.055720158,-0.042027723,-0.06805381,-0.031971596,-0.004143834,0.027976137,-0.016901853,0.047408935,0.048710786,0.015162122,-0.012222181,-0.069023564,0.008599349,0.030085415,0.045171462,-0.089269005,0.03208291,-0.054871965,0.008642989,-0.021544725,0.011411374,0.040754803,-0.00058578,0.023984605,0.004592992,persian+cat
22,0.023670688,0.060020756,0.00628713,0.071001485,-0.070894614,-0.025438135,0.04366671,-0.059154935,0.04191901,0.04645093,0.001527057,-0.10476279,-0.01851061,0.04381519,-0.089005396,0.017250221,-0.002434254,0.14840744,-0.01783299,-0.047742613,-0.03357985,-0.013278862,-0.0469613,0.012064723,0.018949997,-0.042093165,-0.10813119,0.08617388,0.014359022,-0.05486436,-0.039499845,-0.005913826,-0.00875022,-7.02E-05,-0.003470112,0.00460726,-0.023775399,-0.03901233,0.036373533,0.029353658,0.08850992,-0.009306438,0.045260306,0.008506482,-0.006517987,-0.049805935,-0.015225409,0.021689313,0.028401706,0.034151513,0.00043143,0.03317585,-0.024158323,-0.0101897,0.02026306,0.07291283,-0.02628693,-0.07263057,0.054210015,-0.01755519,-0.056239683,0.05539126,-0.06170374,-0.106300496,-0.025345156,-0.003989327,-0.01671625,0.11533402,-0.039759345,0.037401337,0.038042907,0.01539808,0.04818392,0.007207672,-0.07801595,-0.09006957,0.07746601,0.056071468,0.026125923,0.08810599,-0.00051113,-0.08165195,0.045406777,-0.016699377,-0.013354558,-0.048000656,-0.09958667,0.059738807,-0.008795574,0.027573138,0.011422282,0.019910345,-0.03734625,-0.07658695,0.024864385,-0.06019368,0.06615855,-0.005127681,0.006664844,-0.031021584,0.015050046,-0.06955968,0.026558787,0.022355448,0.002615717,-0.053027414,0.000804297,-0.048729695,0.040239062,-0.044591255,-0.06561061,0.017939672,0.005773858,-0.010301205,0.06135875,0.001714769,0.02308904,-0.025773693,0.05292983,0.045301765,-0.09822067,-0.007053077,-0.058736168,-0.000110201,-0.028979564,0.002515573,-0.03889174,-0.027358254,0.026478032,0.053028353,-0.029728308,-0.051021434,-0.08429477,-0.001097269,-0.010485491,-0.06486775,0.03466577,-0.039025027,-0.010743758,0.070996836,0.043531988,-0.024453714,-0.003675032,0.035951976,0.04605218,0.015997672,-0.006009694,-0.041909523,-0.060852837,0.017810004,0.07256915,0.017188413,-0.05307917,0.01317485,-0.045270782,-0.012899337,-0.04759209,-0.07941939,-0.050249048,-0.02671377,0.00173603,0.05407407,0.016819544,0.03321635,0.01649672,-0.016619612,0.003058753,-0.056031354,-0.001098847,-0.003965627,-0.13381144,-0.042211562,-0.023207653,-0.059401117,0.003088292,-0.011476156,0.03214735,-0.05942452,-0.054017007,-0.005101639,-0.09595159,-0.0319403,0.007954115,0.001067356,-0.024743196,-0.037455834,-0.013929794,0.00773366,0.06275077,0.06108926,-0.003404201,-0.023974696,0.035346117,-0.043395072,-0.06394081,-0.005491534,-0.013398206,-0.02488805,-0.060173612,-0.11104627,0.075125076,-0.003997729,-0.061209507,-0.020869257,-0.014112379,0.005459283,-0.016978571,-0.009393608,0.017031517,-0.005520171,-0.08427658,-0.004105165,-0.031022687,0.04575114,-0.0467607,0.016839761,0.05917138,-0.002751079,-0.08752861,-0.002769907,0.022360578,0.018447645,-0.019018808,-0.04495775,0.028391257,-0.02824902,0.051781766,0.033401754,0.04838631,0.006960359,0.020214291,-0.063448586,0.053050112,0.071993366,0.0239088,-0.031327255,0.012711493,-0.052206837,0.060679443,0.001374278,0.023630949,-0.027535358,0.015196716,-0.055146288,0.04456741,0.007990892,0.002887878,0.06053983,-0.01021172,-0.0177909,0.01925532,0.046691574,0.017129313,0.042928375,0.023555275,-0.06877392,0.004040993,0.024328755,-0.074367285,0.00149275,-0.017432507,-0.014958452,-0.062991574,0.08362417,0.06454251,0.10410754,-0.028600652,-0.021899696,-0.053794015,0.013837117,0.013398941,0.09399793,0.013338586,0.058441848,0.06068819,-0.06627165,-0.040796183,-0.100121856,-0.030335855,0.016583022,0.021599941,-0.020664716,0.044456787,0.041935094,0.005457481,-0.01736428,-0.067133844,0.008523243,0.05203231,0.061625987,-0.09316684,0.018347383,-0.06331988,0.025135335,-0.012532319,0.02533629,0.041458875,-0.003846978,0.035036907,0.005689089,horse
15,0.03661892,0.034135822,0.017137384,0.084645055,-0.081691176,-0.007455905,0.059536062,-0.04978266,0.037674356,0.049117662,-0.02962189,-0.097193584,-0.019344894,0.04445447,-0.0797241,0.030458268,0.001183221,0.11956991,-0.027301276,-0.050137542,-0.022417461,-0.00732036,-0.032586176,0.007820275,0.00354792,-0.015684454,-0.09751548,0.07935392,0.025775585,-0.02263343,-0.019847006,-0.009550331,-0.042488523,-0.019693647,-0.005192717,-0.010678721,-0.007525188,-0.017381988,0.048233133,0.04802705,0.06342219,-0.04169596,0.03941249,0.006827793,-0.010702195,-0.043438166,-0.019066375,0.033777345,0.03319505,0.026411306,-0.016376344,0.0606673,-0.005434751,-0.01867537,0.028918002,0.06010916,-0.003287353,-0.08201875,0.06819667,-0.023154195,-0.034137987,0.048878245,-0.08580565,-0.075238764,-0.027358944,-0.00101871,-0.0144819,0.09329553,-0.03207943,0.0412562,0.07249622,0.01656584,0.06024877,0.014094217,-0.087918855,-0.08040763,0.090736136,0.08200956,0.05015377,0.10024737,0.003897873,-0.061409276,0.03765089,0.007288088,-0.03819722,-0.06592348,-0.0871927,0.07168772,-0.009882306,0.039314955,0.0314137,0.014035055,-0.05811558,-0.07700029,0.010701321,-0.05398128,0.07557474,0.0239216,-0.009734954,-0.001811447,-0.004289385,-0.06863614,0.012348196,0.024964686,-0.026241545,-0.059877437,-0.007307968,-0.039750315,0.022609986,-0.04268042,-0.059109747,0.002949887,-0.007884538,-0.014852593,0.058424167,0.018493747,0.03341286,-0.02857235,0.060472302,0.025595373,-0.097693935,0.005510962,-0.0627106,0.024892513,-0.038767338,0.004920668,-0.05388524,-0.026252309,0.02635757,0.03282406,-0.037670787,-0.0666726,-0.08115805,-0.003659581,-0.01136926,-0.061633646,0.04588492,-0.046830006,-0.003867358,0.07710178,0.054917097,-0.03164918,-0.008469382,0.015522203,0.05440246,0.006812893,-0.01739547,-0.07224902,-0.05085019,-0.004410666,0.063093334,0.019625666,-0.08513972,0.017181609,-0.030294662,-0.005552965,-0.04161369,-0.06544699,-0.05713566,-0.004792306,0.017724628,0.053569037,0.02093297,0.027313665,0.006653572,-0.030400673,0.02159644,-0.014216341,0.007723733,-0.003973908,-0.11776884,-0.039423056,-0.0196847,-0.053471815,-0.019322762,-0.014003684,0.032934032,-0.05254797,-0.0604379,-0.003258886,-0.07702666,-0.026357764,0.015784595,0.002666785,-0.046314172,-0.03143996,-0.030153167,0.006136484,0.08020649,0.056478053,0.00880306,-0.015452963,0.011051295,-0.033605542,-0.043970834,0.023742106,-0.028186565,-0.038662937,-0.05792012,-0.10996636,0.027876085,0.018920181,-0.07579911,-0.004692458,-0.014678439,0.003246894,-0.019756053,-0.009444735,0.030239383,-0.001677173,-0.07473228,0.021844845,-0.04052705,0.05982598,-0.073108986,0.017527405,0.107360855,-0.001021041,-0.113029756,-0.007788781,0.013523494,0.005196405,-0.045343287,-0.06471551,0.029177424,-0.037141718,0.048936956,0.025529727,0.02974229,-0.001659215,0.023149837,-0.044343438,0.034722395,0.047068764,0.045906946,-0.025516927,0.02098623,-0.037321314,0.061629824,0.011838902,0.026007708,-0.002294859,0.018046085,-0.07617769,0.03241442,0.021609345,0.008987511,0.06114936,0.000760539,-0.026086558,0.017307485,0.035255156,0.027499482,0.04120519,0.018931743,-0.061737873,0.020128977,0.019314203,-0.0793117,-0.00690907,-0.016377961,0.007663748,-0.08892642,0.06277074,0.055998307,0.11454115,-0.04471857,-0.01309262,-0.06286013,-0.01007844,0.034620456,0.12155457,0.061184324,0.06932356,0.058631767,-0.049539007,-0.045730114,-0.07165544,-0.021828528,-0.004629873,0.034926433,-0.012463478,0.031417802,0.05555583,0.009947708,-0.002237063,-0.07165497,0.010780052,0.043736644,0.04479737,-0.09206564,0.043679904,-0.058947515,0.018922018,-0.007877197,0.000188641,0.04242156,-0.015035157,0.016631112,3.6907255e-05,german+shepherd
3,0.011366765,0.08062561,-0.007324019,0.05850069,-0.10033256,-0.032504883,0.011987476,-0.05822721,0.06458922,0.08455898,-0.018820798,-0.122243956,-0.03127163,0.021822508,-0.09107317,0.002640354,-0.012872869,0.10085003,-0.036678713,-0.03183269,-0.024107186,-0.00748933,-0.041325904,-0.001880673,0.017769154,-0.06968589,-0.09260373,0.08345874,0.052657764,-0.05013886,-0.042557865,0.03045915,-0.025755206,-0.013389437,0.018758656,-0.009733571,-0.019805748,-0.00733789,0.07037877,0.031130958,0.08123938,0.007213053,0.03084316,0.025261242,-0.01918563,-0.074929774,-0.001374257,0.03929289,0.045313008,0.03124704,-0.005491799,0.016160786,0.016005319,-0.05010273,0.007269063,0.043634795,-0.025048003,-0.07491688,0.08322522,-0.026105672,-0.06694828,0.065451875,-0.07874275,-0.12204279,-0.003557606,-0.024457488,-0.047246654,0.11433657,-0.04889952,0.022890417,0.012930214,-0.015723981,0.0567689,-0.00581778,-0.104512826,-0.09452602,0.03250829,0.04363323,0.010584719,0.063156225,0.007000291,-0.06401854,0.04279735,-0.020491589,-0.001226279,-0.029586747,-0.10004618,0.039918553,-0.002694216,0.028188357,0.031504743,0.03573848,-0.05176658,-0.040091693,0.015491923,-0.04457619,0.06089624,-0.015871247,0.02837477,0.005855207,0.013866504,-0.04538912,0.017103069,-0.003802079,-0.008644228,-0.049676623,0.016024558,-0.032715414,0.05723264,-0.025506372,-0.09464808,-0.006266128,0.003349397,0.026832363,0.055679433,0.017478283,0.03811389,-0.01600365,0.039024927,0.036498867,-0.085260816,0.003287402,-0.05248199,0.036992013,-0.03950633,-0.010554193,-0.033460874,-0.001251278,-0.005249866,0.062602565,0.01199961,-0.045787495,-0.0850897,0.010428006,-0.014247445,-0.061392866,0.040279467,-0.056032985,0.001205903,0.060264837,0.056438643,-0.03288158,0.005363941,0.050992906,0.06508089,0.02802225,-0.020135988,0.020242753,-0.05460579,0.02612711,0.08015165,0.0059734,-0.12677991,0.04731341,-0.003283177,-0.02802004,-0.0197731,-0.063808605,-0.041676044,-0.028748274,0.003617105,0.07169928,0.01299453,0.044863142,0.03175912,-0.033681933,0.005842925,-0.038847916,-0.008836716,-0.002280605,-0.13545802,-0.028079037,-0.019707272,-0.031089878,-0.026842955,-0.042428274,0.023013465,-0.034299005,-0.056014635,-0.002035898,-0.08796395,-0.07934196,-0.010782123,-0.004807866,-0.021327604,-0.029454807,-0.017447865,-0.00074233,0.08091446,0.068936154,-0.032069355,-0.035259448,0.008664481,-0.04398708,-0.09013229,0.037705313,0.003393867,-0.044316325,-0.043449357,-0.12378174,0.093861006,0.002132544,-0.060554884,-0.03645269,-0.03462786,0.014819545,0.010911197,-0.019793455,-0.010177654,-0.015273752,-0.101590514,0.006918822,-0.025364608,0.050732892,-0.054302372,0.032954488,0.13742837,-0.01761836,-0.07608134,0.014898703,0.04948719,0.007056687,-0.015930746,-0.058087133,0.032381278,-0.03856342,0.042057108,0.06405611,0.043691255,0.018776894,0.04739869,-0.06457147,0.030709539,0.005768684,0.05465097,-0.046629786,0.014104433,-0.022343721,0.071993135,0.009982062,0.04915313,-0.02848947,0.002637233,-0.08944718,0.024395842,-0.000539005,0.004685698,0.047335953,-0.008607145,-0.007696992,-0.012376614,-0.002788139,0.02968291,0.043890808,0.040110685,-0.087608896,0.030185323,0.010708417,-0.060018428,-0.001041124,0.012050023,-0.012932705,-0.072788104,0.078796044,0.031180326,0.10772993,-0.062095337,-0.007594028,-0.016735705,-0.017375007,-0.01320484,0.08663529,0.03300979,0.10097383,0.08578893,-0.06290313,-0.09488991,-0.069597736,-0.011813478,-0.010271296,-0.002108533,-0.017765496,0.074272394,0.033660073,0.013725713,-0.013447123,-0.055177175,-0.000115513,0.04098042,0.07768993,-0.056654226,-0.018181467,-0.06325995,0.001991976,-0.02172216,0.015322685,0.036247663,0.001640632,0.06353312,-0.003028987,blue+whale
41,0.01675191,0.054915816,0.005094599,0.09512858,-0.07221514,-0.00970403,0.04475127,-0.05211755,0.06298409,0.05936726,-0.022948392,-0.11305747,-0.014267457,0.047923036,-0.088464126,0.006327042,0.012137958,0.12659724,-0.029354248,-0.034951642,-0.00599198,-0.015446754,-0.042197667,-0.001306693,0.008326766,-0.026966805,-0.10132887,0.093525484,0.03247714,-0.034678213,-0.029636716,-0.006005161,-0.034681253,-0.0108227,0.008852639,-0.023521997,-0.012119753,-0.011952899,0.04885765,0.039252818,0.08409206,-0.035957653,0.05456596,-0.002431218,-0.003666813,-0.04585726,-0.018856728,0.041317537,0.03561461,0.033321284,-0.01766133,0.053548016,-0.001209411,-0.006619701,0.03222078,0.06204307,-0.007126452,-0.09373024,0.06660835,-0.006933348,-0.044760257,0.063502096,-0.08391724,-0.07549262,-0.023636034,-0.003360058,-0.016456,0.10191419,-0.046346903,0.052537672,0.06785138,0.017100481,0.06695873,0.014087975,-0.094845176,-0.07858514,0.07452364,0.06266921,0.033076603,0.102339126,0.006893596,-0.05685004,0.045467805,-0.004641173,-0.030141423,-0.04190501,-0.09383879,0.057098567,-0.01089475,0.030203352,0.004953876,0.007272642,-0.054439772,-0.07931801,0.011752966,-0.056666385,0.06285434,-0.000496161,-0.02134578,-0.025112873,0.003470995,-0.08048695,0.022072108,0.015275505,-0.006639735,-0.078862466,0.008502131,-0.04058651,0.02494755,-0.06229345,-0.053782303,0.014198978,-0.003363811,0.014213589,0.042628266,0.012222423,0.03290879,-0.023133695,0.036926158,0.02507929,-0.0939971,-0.001036426,-0.057350658,0.017174449,-0.04708885,0.003709288,-0.04582335,-0.027518224,0.029332016,0.041712362,-0.015652088,-0.053593017,-0.0719894,-0.010293792,-0.0288187,-0.060435124,0.031950098,-0.026768142,-0.011950312,0.06539205,0.054122675,-0.028651979,-0.026934365,0.024795141,0.048905946,0.015903387,-0.028178934,-0.040594246,-0.057734817,-0.006094252,0.06141653,0.026881924,-0.09410071,0.010569584,-0.023640936,-0.021532994,-0.04195687,-0.07211173,-0.051290967,0.008936482,0.007795269,0.04810254,0.017941505,0.024354288,0.008443823,-0.043547176,0.014697624,-0.006343599,0.01014989,-0.010890071,-0.13504092,-0.031370975,-0.047839582,-0.039318,-0.019188868,-0.003971171,0.042904593,-0.073436454,-0.057869006,0.00705851,-0.08051367,-0.026417658,0.024190394,-0.012691255,-0.033064477,-0.033423077,-0.022392605,0.004787101,0.10358796,0.05002787,0.006184523,-0.039985955,0.024193136,-0.02590008,-0.07338405,0.025438255,-0.020232763,-0.043443553,-0.070573196,-0.09027175,0.059551954,0.007644499,-0.070467845,-0.023244832,0.004717287,0.000637677,-0.000656398,-0.008011991,0.025032565,-0.028784532,-0.09515709,0.014479354,-0.05333625,0.056518245,-0.05366262,0.017369736,0.09136917,-0.015077907,-0.122200474,-0.003019256,0.009817925,0.006155561,-0.039946508,-0.04672664,0.01436697,-0.01845948,0.036469314,0.027194452,0.04339314,0.01962032,0.026683588,-0.046607297,0.02836155,0.05280003,0.0350085,-0.006862055,0.020995906,-0.034743506,0.039514553,0.007868463,0.045564022,-0.013066517,0.014716605,-0.08110894,0.037829824,0.015170497,0.002965727,0.053334087,-0.010535006,-0.03939253,0.003074975,0.02643679,0.023191292,0.047765534,0.019337235,-0.062134493,0.013595161,0.030717263,-0.06258716,0.002425361,-0.012737431,0.002472464,-0.0817904,0.07358803,0.048839964,0.12939109,-0.04518233,-0.001708225,-0.05433782,-0.016806949,0.02501827,0.11064754,0.059389077,0.061588258,0.057941716,-0.05330669,-0.04871957,-0.058357626,-0.030824203,-0.005299487,0.040021114,-0.009626525,0.038298734,0.05250498,0.023325598,-0.008053952,-0.072872266,-0.00026931,0.0399452,0.047639348,-0.09615565,0.03944675,-0.054733466,0.008748423,-0.012070783,0.003809815,0.03968338,0.009691022,0.02100465,0.008262073,siamese+cat
42,0.025401091,0.072769895,-0.003069873,0.0762998,-0.07707755,-0.017349899,0.040872633,-0.05176734,0.053287525,0.06817726,-0.005464587,-0.10687138,-0.010608654,0.046818398,-0.10234773,-0.00476363,-0.008175373,0.12197703,-0.036606003,-0.044963263,-0.035965465,-0.018272117,-0.035490174,-0.003988124,0.005978453,-0.04994061,-0.0963736,0.07672354,0.020544939,-0.032865223,-0.016531328,-0.005642901,-0.026119377,-0.028522983,-0.005951918,-0.011188963,-0.018503523,-0.02001385,0.0414202,0.03605946,0.10657005,-0.022563051,0.048836872,0.006606428,-0.014123867,-0.06328886,-0.005106658,0.018716576,0.038056362,0.035323136,-0.013947186,0.030686155,-0.006551971,-0.021111809,0.0230348,0.04833485,-0.014180204,-0.07877612,0.0625633,-0.021916578,-0.050319023,0.06734966,-0.0834751,-0.093206815,-0.030250698,-0.012747342,-0.019712135,0.11106584,-0.04636425,0.052096806,0.06275965,0.036909517,0.045810558,-0.006089633,-0.09497903,-0.058664124,0.061217673,0.061395455,0.023775864,0.10293517,-0.004954734,-0.06560045,0.03262077,-0.004811218,-0.022711799,-0.04688965,-0.098675266,0.05584749,-0.002274406,0.029524256,0.007634637,0.018529832,-0.06325696,-0.06919289,0.014647598,-0.051146396,0.049296133,-0.012957513,0.001218094,-0.013621604,0.009424632,-0.08458329,0.011201689,0.005700457,-0.009290339,-0.07570459,0.025364304,-0.029710233,0.025292668,-0.056638975,-0.072076894,-0.001407697,-0.004125658,0.02033508,0.046159774,0.010381712,0.03725313,-0.024180885,0.03050377,0.038759883,-0.08542917,-0.002166341,-0.07231742,0.010570949,-0.0269208,0.009948694,-0.04076948,-0.024237763,0.042623423,0.044919696,-0.001038561,-0.056842946,-0.06313159,0.012646777,-0.030497912,-0.038343858,0.026408296,-0.03975179,0.006995756,0.067043886,0.052350454,-0.036695488,0.008927519,0.021847453,0.05047671,0.02264009,-0.01722066,-0.038123,-0.061463702,0.002590431,0.066685185,0.008124792,-0.085832246,0.016878402,-0.018078335,-0.020347191,-0.047421105,-0.068943635,-0.039585844,-0.011250895,-0.001720723,0.049093373,0.02151614,0.037737325,0.01922592,-0.036575995,0.019970113,-0.016365139,-0.000689988,-0.01091337,-0.12632152,-0.024150923,-0.03426116,-0.03492892,-0.015665693,-0.017859224,0.04341651,-0.05682064,-0.049848862,-0.00417188,-0.08835142,-0.052482605,0.010175089,-0.001751076,-0.035127237,-0.037260085,-0.023730123,0.001482347,0.086522594,0.08020797,-0.005004283,-0.03730364,0.015043549,-0.039159954,-0.072326586,0.020902162,-0.015365149,-0.040557116,-0.07685918,-0.096791945,0.084312946,0.006187624,-0.040196173,-0.02003653,-0.004061558,0.005315336,0.008087425,-0.01679629,0.015679436,-0.027372088,-0.101229355,0.011816071,-0.04881683,0.055253126,-0.044811063,0.025252208,0.094054185,-0.02277122,-0.09483911,0.005533878,0.010829155,0.013292797,-0.041732788,-0.03609747,0.038300805,-0.015060197,0.040064484,0.03531765,0.03541007,0.012225987,0.028333804,-0.05583645,0.043862842,0.06276194,0.049936853,-0.026672468,-0.000197976,-0.048424922,0.0541571,-0.005717353,0.03164798,-0.028299546,0.004652664,-0.08433842,0.040892508,0.020237844,0.017110098,0.059902094,-0.011829088,-0.022233054,0.00819297,0.016366955,0.03589838,0.050768662,0.036598794,-0.07014616,0.009586358,0.02243243,-0.065826096,-0.000890829,-0.011807943,0.005340288,-0.0769141,0.0727236,0.05867394,0.11489157,-0.06724143,-0.007707308,-0.049734455,-0.008346933,0.025497507,0.1039363,0.0462082,0.06643786,0.07674349,-0.063130565,-0.04323762,-0.06798558,-0.020259313,-0.014875625,0.032236755,-0.017053032,0.067976534,0.042390056,-0.003609403,-0.01095492,-0.06353106,-0.001683958,0.029698446,0.029660618,-0.08686694,0.022946786,-0.066159636,0.01904022,-0.02084655,0.01782481,0.018598806,-0.009734103,0.039799906,0.012701282,skunk
27,0.014432505,0.051770598,0.005246141,0.07893114,-0.085061744,-0.004876152,0.044339754,-0.038617708,0.04363071,0.05789742,-0.017370299,-0.108797744,-0.02034704,0.04709095,-0.093710385,0.009571088,-0.016383147,0.12542185,-0.031161916,-0.030454937,-0.046747126,-0.03223463,-0.038235564,0.004624992,-0.009776163,-0.045748904,-0.10544044,0.054604717,0.020205941,-0.03143535,-0.036763374,-0.012450409,-0.035127405,-0.035618544,-0.01867297,-0.023667747,-0.006628672,-0.021165276,0.053934973,0.04450178,0.088155665,-0.010000048,0.031187156,0.021669548,-0.01841217,-0.07384807,-0.008669824,0.03400953,0.028796654,0.02274752,-0.008185068,0.02469562,-5.68E-05,-0.03550551,0.01344725,0.047668807,-0.019007409,-0.075128354,0.07302165,-0.003887156,-0.04483836,0.06198137,-0.08621256,-0.080067985,-0.029502312,-0.03681628,0.006051178,0.11239008,-0.04640271,0.033065807,0.052870907,0.008652914,0.06324295,-0.009282609,-0.1012033,-0.087788716,0.06133596,0.04476875,0.01684042,0.0876991,-0.002444146,-0.042667024,0.047090128,-0.006763375,-0.02518267,-0.053308733,-0.08862834,0.071234286,-0.0116683,0.03320763,0.043776207,0.010529799,-0.059609246,-0.06425287,0.016270986,-0.05007262,0.06065493,-0.018742312,0.008977681,-0.003796437,0.014333392,-0.064041354,0.016911907,0.010617496,-0.020163821,-0.060994625,-0.011337311,-0.02673107,0.031769656,-0.05821693,-0.06882575,-0.021554423,-0.009590832,0.007381302,0.047890324,0.014100412,0.030454557,-0.024869658,0.07112856,0.047117546,-0.09288688,-0.005701471,-0.079758026,0.021106085,-0.040645175,0.009090668,-0.026657218,-0.015029924,0.015868984,0.04127731,-0.007262328,-0.08191974,-0.07395865,0.01258543,-0.012101555,-0.0559474,0.043449007,-0.051883988,0.005203926,0.07560374,0.050337546,-0.019300377,-0.001581877,0.039675463,0.06954412,-0.001640751,-0.016320294,-0.033260964,-0.06492528,0.009803521,0.05030643,-0.005283713,-0.104904056,0.012950718,-0.002007101,-0.024274852,-0.03840118,-0.06111918,-0.04633902,-0.015918275,0.017842786,0.05384062,0.002719672,0.046263557,0.00740241,-0.032949686,0.025859097,-0.015482483,0.004369729,-0.011966368,-0.110241614,-0.017698625,-0.038154967,-0.049845766,-0.01144432,-0.03042298,0.024843136,-0.05987888,-0.04952561,-0.001360631,-0.097871274,-0.044961058,0.012184042,-0.011000159,-0.030828815,-0.024187785,-0.034561105,0.001170727,0.08229475,0.091274336,-0.013370204,-0.029952487,-0.000343244,-0.0398213,-0.07188925,0.017036485,-0.003783348,-0.061041705,-0.042599004,-0.11907883,0.084734604,0.020812552,-0.060478568,-0.007238932,-0.021689577,0.01560459,0.001413905,-0.019083422,0.011902959,-0.012262325,-0.08346888,-0.00060622,-0.04107615,0.047787964,-0.056473166,0.033184048,0.11630664,-0.017804,-0.07496114,-0.006518282,0.030389857,-0.006656981,-0.051220585,-0.049451273,0.034670766,-0.03885002,0.04653103,0.043839563,0.01824542,0.02446885,0.039958093,-0.045663614,0.038941953,0.04231546,0.05243709,-0.052153517,0.023912992,-0.038872566,0.059613056,-0.003092908,0.04190889,-0.022532186,0.007184954,-0.06638287,0.039504535,0.001762405,0.020303402,0.058787726,-0.006085149,-0.023712043,0.013329903,0.017148983,0.020280946,0.035000786,0.045130305,-0.066592716,0.011485262,0.013481337,-0.074159086,-0.010361621,0.001411667,-0.0223514,-0.06917791,0.07389146,0.048727207,0.11598673,-0.055280518,-0.005676094,-0.038342774,-0.026251614,0.020547053,0.09498287,0.059756316,0.05876536,0.0622715,-0.052840967,-0.037148952,-0.064660616,-0.007553652,-0.013953509,0.014704923,0.00080475,0.05976475,0.04359045,-0.00553204,-0.014518239,-0.065320894,0.004232654,0.04209872,0.055440675,-0.10013787,0.018873064,-0.044039913,0.036704004,-0.022846151,0.023447055,0.015254343,-0.010704421,0.04848861,0.008725193,mole
45,0.031282917,0.07937191,-0.001996325,0.07301969,-0.07578491,-0.022549957,0.02172839,-0.059606414,0.044321213,0.094467506,-0.006097275,-0.0982241,-0.020415008,0.0460809,-0.108515956,-0.015189795,-0.017542537,0.11412817,-0.029244035,-0.03619019,-0.01966117,-0.026428396,-0.03434593,-0.003107994,0.013717813,-0.06293023,-0.10704783,0.07282978,0.044066235,-0.025085796,-0.001092905,0.016512426,-0.030678928,-0.003743789,-0.006551547,0.003565919,-0.024241356,-0.01631076,0.07468627,0.039042085,0.11265463,-0.029061342,0.060090847,0.020699622,0.002584416,-0.06477138,-0.001816207,0.03095859,0.05449035,0.038489103,-0.007545589,0.045283247,-0.004620824,-0.023451155,0.009202101,0.03792866,-0.009789065,-0.09239364,0.06645578,-0.016068107,-0.06991649,0.0641889,-0.07531326,-0.109946646,-0.016085142,-0.009856856,-0.010819653,0.090846665,-0.056631178,0.071506366,0.034443058,0.028618675,0.056509294,-0.012667632,-0.094897844,-0.08256425,0.050398655,0.03718012,0.025380814,0.10350843,-0.002460654,-0.051830836,0.03434876,-0.01064667,-0.011132378,-0.050703563,-0.09951235,0.04014878,-0.010574137,0.03224467,0.012443885,0.0339009,-0.060313154,-0.062576436,0.011016169,-0.06783651,0.046013094,-0.012421071,0.008611548,-0.027119657,0.006061676,-0.0706839,0.01734888,0.001797644,0.012743508,-0.07830973,0.013351716,-0.030869177,0.039200336,-0.046681516,-0.06332652,0.013429055,-0.022906002,0.034018062,0.039538193,0.02188576,0.031193111,-0.029537622,0.023486745,0.033555828,-0.07784807,0.01940522,-0.059685588,0.02619693,-0.044472955,0.008706678,-0.021603607,-0.030788627,0.03665514,0.046368264,0.010499759,-0.050608657,-0.07478746,0.003664415,-0.039183274,-0.04681801,0.03275902,-0.037496023,-0.013737488,0.050589256,0.049228135,-0.0332514,0.009614357,0.025577392,0.039037697,0.032457113,-0.014691156,-0.007978567,-0.05827719,0.003049963,0.05627478,0.035323445,-0.09976141,0.026468277,-0.020683063,-0.015433943,-0.028196314,-0.075403616,-0.024743408,-0.01405458,0.011316028,0.055296175,0.035682127,0.029153833,0.00811928,-0.04288914,0.026121553,-0.028840715,0.000700424,0.002294594,-0.13439268,-0.032457046,-0.047830887,-0.05330483,-0.014075334,-0.017291665,0.036036268,-0.04663735,-0.047272764,-0.026326288,-0.09126606,-0.06942946,0.0248254,-0.022527417,-0.036468647,-0.041903645,-0.02459631,0.015652675,0.09354651,0.06471707,-0.02679574,-0.051532876,0.020383967,-0.036761064,-0.09528275,0.02219329,7.249015e-05,-0.04173907,-0.0617586,-0.08821651,0.09228392,0.0031889,-0.02703704,-0.033302285,0.000680383,0.01037871,0.012316683,-0.029991906,0.011161918,-0.023020353,-0.105467856,0.006213019,-0.040976506,0.025567412,-0.05228584,0.04099662,0.102896854,-0.02525326,-0.102877006,0.008149173,0.010878555,0.004956505,-0.044496723,-0.038542636,0.044857163,-0.014069301,0.04302252,0.036565073,0.035729475,0.022320755,0.033668786,-0.063261494,0.054523546,0.062883444,0.06737055,-0.02494582,-0.002765355,-0.056478698,0.04367431,-0.023901878,0.035511922,-0.025405044,0.005924607,-0.09379598,0.03210876,0.027758623,0.036079,0.032006454,0.006076798,-0.013521204,0.004063232,0.015183112,0.03191232,0.061775845,0.026366066,-0.071325935,0.037585426,0.007693574,-0.078100435,-0.007978806,-0.012158905,0.001081716,-0.046748154,0.08734369,0.06152259,0.12435025,-0.086915694,-0.004646479,-0.038671363,-0.012277954,0.027051097,0.09576152,0.032792494,0.083202064,0.07248243,-0.06772064,-0.03613635,-0.07381836,-0.04336927,-0.003603884,0.024700385,-0.031265587,0.046328142,0.025501484,0.007825588,-0.012171799,-0.067529105,0.008434751,0.04522177,0.019498557,-0.082539134,-0.001197804,-0.07376727,-0.001030102,-0.02006552,0.001495979,0.021312252,-0.020168032,0.050562967,0.023460886,tiger
21,0.02690345,0.076809146,0.011475489,0.066127606,-0.08911111,-0.016540835,0.021201383,-0.051902067,0.040675234,0.07229929,-0.00440849,-0.11189286,-0.03581649,0.058350336,-0.102047466,0.003264833,-0.010627219,0.11305602,-0.03271341,-0.013490828,-0.029301977,-0.020470511,-0.030223748,0.00705678,0.016991831,-0.06814494,-0.08397825,0.07850537,0.011751975,-0.050053693,-0.025233606,0.005964492,-0.028694868,-0.013668927,-0.013973882,-0.021875706,-0.0316391,-0.013940962,0.06455307,0.03641339,0.09089848,-0.022310652,0.051439546,0.028334716,-0.017625146,-0.058614664,-0.009212239,0.023596462,0.029402774,0.03902353,0.022877777,0.018394317,-0.00860458,-0.036174357,0.011134921,0.049725313,-0.026546072,-0.066975474,0.05731409,0.000521837,-0.06255768,0.06534396,-0.07302041,-0.10207244,-0.02585417,-0.01730562,-0.015895627,0.104089364,-0.0542705,0.038707532,0.036760513,0.011054631,0.059773326,0.005271104,-0.10589643,-0.09175191,0.053755216,0.030052278,0.016238865,0.08879513,-0.007004789,-0.053109396,0.04242418,-0.006606945,-0.027864922,-0.041463006,-0.10343538,0.049973287,-0.013623044,0.037261374,0.023790142,0.02244079,-0.05246376,-0.060555495,0.006752467,-0.050757885,0.053301472,0.000512542,0.03060683,0.003162688,0.008229822,-0.061991073,0.023672555,0.005959324,-0.016752962,-0.08223012,0.016284,-0.0519305,0.040416084,-0.04120403,-0.06941859,0.007190478,0.001007915,0.011115447,0.040797498,0.007902948,0.05292518,-0.01658098,0.020266924,0.025988463,-0.09403677,-0.013878231,-0.068602726,0.01690418,-0.04338587,0.004522419,-0.030486872,-0.016747478,0.03205102,0.039976984,0.005588459,-0.0488291,-0.08394718,0.010266064,-0.040358603,-0.043136362,0.042421322,-0.05385504,-0.016881775,0.06435347,0.052331664,-0.04229954,0.02240977,0.021291006,0.04798513,0.03406036,-0.010029046,-0.008195298,-0.04716005,0.000270825,0.0606987,0.005359069,-0.09814267,0.030576045,-0.016625253,-0.020163456,-0.029611036,-0.07344533,-0.03187967,-0.027366608,0.007256995,0.06750106,0.01732904,0.03873396,0.014351199,-0.031577356,0.018617237,-0.015133575,0.000148314,-0.02176964,-0.1416227,-0.017821629,-0.02326996,-0.040941603,-0.021964792,-0.04015275,0.03357349,-0.05116287,-0.051146537,-0.00491645,-0.08874192,-0.05762397,0.003575169,-0.001826469,-0.031674717,-0.03297519,-0.019945454,-0.000368972,0.08167832,0.06854381,-0.008653044,-0.059324365,0.018379489,-0.041461267,-0.08807169,0.018699411,-0.017663652,-0.030767674,-0.07282775,-0.12604663,0.09025861,0.00707959,-0.03863546,-0.01635412,-0.014443274,-0.001568707,0.00197333,-0.02283096,-0.013696969,-0.016174028,-0.08637656,0.02275056,-0.035892077,0.0481022,-0.052758753,0.017458906,0.09055344,-0.030833509,-0.081416175,0.012218849,0.021157607,0.016543038,-0.03046594,-0.054524053,0.048142634,-0.014797214,0.0374662,0.040137004,0.044658747,0.021609474,0.026758099,-0.054701835,0.03383113,0.0369386,0.06154732,-0.029781561,0.014231877,-0.049030922,0.049378246,-0.004223071,0.0267663,-0.025864493,-0.002806488,-0.08972713,0.041617967,0.023115987,0.003978633,0.060195487,-0.023721162,-0.006971914,0.022519859,0.013732167,0.031924464,0.07326825,0.0320711,-0.085162185,0.015770098,0.001608856,-0.07442462,0.008815146,-0.014227231,-0.00298701,-0.05920074,0.1117895,0.06296851,0.123642646,-0.068650514,0.00751138,-0.03407758,0.008327194,0.017279467,0.10642383,0.04177688,0.06856377,0.07762854,-0.07903825,-0.043446295,-0.062527046,-0.021522459,-0.026611004,0.047385946,-0.032013126,0.058406908,0.03201162,-0.001616095,-0.01354596,-0.06232827,0.017884593,0.04814265,0.056670427,-0.08435284,0.004779883,-0.06335343,0.013328476,-0.035580613,0.029795447,0.010490116,-0.024710847,0.047914498,0.01269795,hippopotamus
25,0.033403322,0.08330406,-0.030817097,0.057122566,-0.0609506,-0.02796932,0.036188282,-0.05225748,0.034151692,0.08302261,0.006393297,-0.081942394,-0.02986843,0.059853308,-0.09623614,-0.01288864,-0.01072838,0.11757942,-0.048163556,-0.028629323,-0.04346191,-0.02795293,-0.045148738,0.002274103,0.026389617,-0.069598936,-0.10902983,0.05815061,0.038845196,-0.068629,-0.010154999,0.00790481,-0.014195055,-0.009629739,-0.014281502,-0.022909418,-0.03437326,-0.024933446,0.060152274,0.040860854,0.11018904,-0.039040383,0.04011201,0.02103108,0.001404194,-0.06779052,-0.005844141,0.009351231,0.04987058,0.029039511,-0.00015198,0.03191427,-0.003436323,-0.028611993,0.008749105,0.04096616,-0.015348581,-0.07924882,0.05270343,-0.016341858,-0.07348909,0.060910147,-0.0686868,-0.11308988,-0.019826178,-0.000609077,-0.007446242,0.09442873,-0.047416925,0.06954507,0.03903203,0.015404376,0.047668472,-0.010029955,-0.092849806,-0.070811175,0.05398006,0.04127828,0.015618895,0.09439474,-0.002131627,-0.042726003,0.02664184,-0.016853895,-0.012461713,-0.05204851,-0.10078867,0.027947783,-0.011503549,0.04939029,0.003887895,0.020926045,-0.0643294,-0.05683459,0.015974952,-0.07048413,0.053602982,-0.043421578,0.01813953,-0.04298709,-0.00065108,-0.06847951,0.006862371,0.001545084,0.006352143,-0.07164752,0.017220546,-0.03157252,0.03708011,-0.055684675,-0.07299894,-0.004299316,-0.004820675,0.016086962,0.044294972,0.010736479,0.050100844,-0.03742782,0.028412644,0.034519617,-0.090373404,0.009838992,-0.06513088,0.024067786,-0.03052243,0.008629157,-0.03698784,-0.026626742,0.035756834,0.059954554,0.005666317,-0.048699103,-0.06781715,0.007601481,-0.035200298,-0.03401908,0.023696188,-0.054173905,-0.010570102,0.078696154,0.05213073,-0.033824675,0.020889891,0.043074872,0.036031194,0.03671983,-0.014843056,-0.022108369,-0.05918324,0.012432748,0.062425125,0.017626299,-0.095110916,0.030321017,-0.03076624,-0.011104168,-0.03882154,-0.05679809,-0.040372953,-0.010063534,-0.013562756,0.047886316,0.032759417,0.020841554,0.006434406,-0.028488968,0.02158383,-0.035752375,-0.013618508,-0.001743449,-0.13831018,-0.015966196,-0.05323846,-0.04929298,-0.01177713,-0.014194429,0.032761145,-0.053456627,-0.049391475,-0.029815173,-0.109211445,-0.07502711,0.018826732,-0.017734291,-0.04445849,-0.02695325,-0.016270677,0.002584234,0.07893907,0.07020219,-0.012114655,-0.056964777,0.022511404,-0.03169366,-0.09164646,0.03771739,0.004608529,-0.041821472,-0.06806275,-0.086715356,0.10253765,0.016856788,-0.029939791,-0.027862241,0.005524369,0.010559442,0.01129971,-0.024489958,0.000781467,-0.013340429,-0.11744013,0.00543265,-0.036376372,0.040517792,-0.048227105,0.020604007,0.09114853,-0.00576436,-0.089251794,0.007098559,0.021077529,0.011839017,-0.049175937,-0.030917665,0.040341698,-0.008656925,0.029630944,0.025317464,0.02991591,0.015756767,0.029131,-0.058401905,0.052716803,0.06711854,0.06591826,-0.012742177,-0.003240095,-0.047190927,0.04672319,-0.006058765,0.022635136,-0.029596526,-0.007903818,-0.082940385,0.040293336,0.033952393,0.024941238,0.039197512,-0.019596774,0.002455268,0.018249992,0.027613789,0.021809837,0.07019232,0.03305807,-0.075306885,0.011937778,0.000194566,-0.07487939,-0.010442078,-0.02001896,0.001790383,-0.046282936,0.082239315,0.06610437,0.12601385,-0.08052115,-0.003354515,-0.04521849,-0.013516776,0.011229941,0.10517645,0.018490728,0.069068745,0.08302693,-0.060438402,-0.03227073,-0.0656738,-0.031978462,-0.003655452,0.025109628,-0.019451361,0.05837378,0.030677576,0.00401189,-0.0163858,-0.07406074,0.005109394,0.033137552,0.021998396,-0.080251604,0.000339306,-0.08433132,-0.00493847,-0.03052118,0.008727806,0.015753528,-0.008188193,0.057871502,0.023882676,leopard
28,0.01911974,0.077379696,-0.015988398,0.07118792,-0.06792108,-0.019164067,0.041118607,-0.053908437,0.039196845,0.08303908,-0.00345123,-0.100227974,-0.013015108,0.035600152,-0.07416995,-0.012789932,-0.013937091,0.10727288,-0.023333514,-0.051204145,-0.046075836,-0.00357171,-0.041788798,0.005936657,0.022836505,-0.06120052,-0.107134975,0.08231875,0.037162833,-0.049804118,-0.020380044,0.005884769,-0.014738217,-0.013846824,-0.003376118,-0.028606882,-0.022830775,-0.029098848,0.05711066,0.04475539,0.10374157,-0.022859933,0.047716353,0.005297839,-0.028685281,-0.06382888,-0.003984378,0.041213304,0.036586277,0.037775837,-0.004169906,0.008990168,-0.009034225,-0.020019408,0.016116297,0.040354166,-0.02648612,-0.071157195,0.05920414,-0.02535833,-0.060523283,0.053655226,-0.06835731,-0.116488054,-0.013818582,-0.016764887,-0.009020491,0.098442696,-0.05603873,0.04736301,0.05815317,0.00842752,0.05410363,-0.012026646,-0.08733368,-0.07540613,0.053892743,0.04616393,0.020254413,0.09402333,0.007978117,-0.06256203,0.041132748,-0.012325413,-0.02379426,-0.02856617,-0.098138206,0.06316517,-0.005317566,0.039786518,0.006664501,0.02591068,-0.047192495,-0.06357982,0.006364858,-0.060249485,0.061816044,-0.021472016,0.024473596,-0.03438041,0.00688351,-0.07832643,0.011171553,0.02432532,0.001211328,-0.0739119,0.00822358,-0.03418563,0.013248761,-0.04803768,-0.07530521,-0.001334044,-0.005489803,0.005012734,0.043128528,0.003679621,0.06084783,-0.020013098,0.030191764,0.03777118,-0.10300009,-0.003605784,-0.07312549,0.01926526,-0.03541683,0.003579195,-0.03154691,-0.014850278,0.024323054,0.0566308,-0.009530574,-0.054334946,-0.07384757,0.005984595,-0.019165922,-0.0318676,0.030446708,-0.05758802,-0.006973378,0.076034755,0.05606677,-0.021454256,0.013330504,0.036125146,0.047893927,0.020619905,-0.018988028,-0.032304652,-0.043909166,0.01265545,0.06696136,0.011835466,-0.08616198,0.029787462,-0.020189838,-0.016319353,-0.023024563,-0.06363584,-0.043501154,-0.009671401,-0.004187967,0.043188337,0.0301328,0.038143244,0.025334572,-0.030243486,0.007601875,-0.018897545,0.008885687,-0.005807555,-0.14414929,-0.016205076,-0.04633192,-0.050548423,-0.039102133,-0.022956248,0.036833696,-0.04281842,-0.053300552,-0.013841353,-0.100708045,-0.069477715,0.010848165,-0.014167075,-0.040740512,-0.030308913,-0.027318686,-0.004329901,0.07985651,0.07373278,-0.005983108,-0.04752951,0.021937208,-0.029722089,-0.065498605,0.032172583,0.002479393,-0.041588813,-0.06485498,-0.10016583,0.086469166,0.010624726,-0.047195997,-0.01992426,-0.012307892,0.011456375,0.01893541,-0.005646651,0.010733019,-0.006765209,-0.11095713,0.011273504,-0.034885768,0.045786954,-0.074784815,0.024177546,0.10860902,-0.01534369,-0.08020458,0.014059983,0.024373803,-0.004944153,-0.03007465,-0.04808267,0.05109342,-0.019356998,0.027396074,0.026260693,0.031053942,0.01816137,0.025183741,-0.046292696,0.046124715,0.05275958,0.04220781,-0.02597349,0.009887667,-0.047432482,0.0592852,0.015029043,0.02511372,-0.026450817,0.001149045,-0.09258141,0.024161737,0.009598715,0.024385381,0.043343373,-0.002314091,-0.01724876,0.009398429,0.011974299,0.03205579,0.05907004,0.043110657,-0.06930434,0.024700968,0.006330838,-0.08858763,0.00320696,-0.009501951,-0.01832077,-0.05118829,0.07165446,0.073548496,0.122837886,-0.052419234,-0.006272142,-0.03637564,-0.011676008,0.011813203,0.1014588,0.041109573,0.059738576,0.06747401,-0.06869593,-0.037220135,-0.05839289,-0.022663182,-0.012379874,0.030893425,-0.010043576,0.07614196,0.049912084,0.002480795,-0.024945114,-0.07317235,0.006851216,0.037253633,0.042652026,-0.083695516,-0.000803996,-0.06440933,0.032302048,-0.011804722,0.02386589,0.02004254,-0.00739699,0.05840543,0.005677792,moose
43,0.02716371,0.045455456,-0.010254356,0.092718564,-0.08437895,-0.012210762,0.040408157,-0.04616368,0.043266475,0.06251214,-0.005355627,-0.10074832,-0.024750233,0.055754732,-0.11038591,0.020666882,-0.005158255,0.12569144,-0.02625151,-0.02948912,-0.031500675,-0.024995733,-0.034397345,0.007959984,0.014919904,-0.06799819,-0.11403741,0.07349943,0.0327605,-0.033431184,-0.02290714,-0.008375148,-0.030936887,0.000627476,-0.005129006,-0.024617353,-0.019576546,-0.024690602,0.050677847,0.03261394,0.085386135,-0.021846611,0.040961184,0.028438235,-0.01176672,-0.06586906,-0.023615096,0.022531973,0.025006106,0.020311894,-0.025619576,0.03969528,-0.007563896,-0.0348339,0.021917704,0.057498254,-0.013062167,-0.09858324,0.064474225,-0.013705607,-0.045688376,0.06612742,-0.056174528,-0.085929915,-0.036807295,-0.023438692,-0.001254211,0.11132528,-0.04350493,0.04208548,0.04401635,0.009253072,0.05433,-0.006434239,-0.07767147,-0.08423699,0.064484276,0.06523929,0.010579024,0.07595079,-0.00919767,-0.032475237,0.0430881,-0.003585446,-0.02305117,-0.057619877,-0.10021231,0.05219353,-0.014856803,0.038291186,0.02427649,0.009859284,-0.06250118,-0.07654729,0.02371652,-0.039352994,0.048983995,-0.022210505,-0.007220344,-0.009989606,0.014932756,-0.08715211,0.007428578,0.012475915,-0.004928373,-0.0656296,0.009785568,-0.049769647,0.030453533,-0.05902482,-0.091352,-0.00698653,-0.014731577,0.006380829,0.04302345,0.016128592,0.037505887,-0.034192316,0.063407436,0.029241065,-0.084254876,-0.028325548,-0.06351228,0.01574906,-0.043823726,0.019491207,-0.03532134,-0.015892122,0.016135607,0.03960713,-0.010443754,-0.07398878,-0.07967269,-0.010279064,-0.013845487,-0.047590964,0.0325994,-0.046382606,-0.003594659,0.053695153,0.065248966,-0.03531351,-0.017692735,0.043075405,0.054634042,0.01812294,-0.015673598,-0.033971634,-0.04733089,0.013680032,0.07307403,0.006194078,-0.10098765,0.019252175,-0.007559909,-0.03670692,-0.05561782,-0.055472903,-0.03689128,-0.022849329,0.001827098,0.051347267,0.015998565,0.04833654,-0.009161142,-0.034019522,0.015959093,-0.02665176,-0.019560728,-0.006154704,-0.121805295,-0.028766716,-0.03640435,-0.04266013,0.005749904,-0.024595123,0.016056783,-0.057472207,-0.038956333,0.006200293,-0.09363173,-0.040621843,0.012812887,-0.010502887,-0.031424213,-0.01292384,-0.027706558,0.003834169,0.08621271,0.055508576,-0.001255866,-0.04398667,0.007160096,-0.053357642,-0.07248418,0.001915199,-0.015533835,-0.059874438,-0.064615265,-0.11959195,0.062181197,0.000607778,-0.044062156,-0.010274142,-0.017369714,0.009835357,0.001532848,-0.018938374,0.006260704,-0.012491187,-0.09404789,0.00105406,-0.041182764,0.044970427,-0.050557327,0.010956056,0.08958544,-0.005155773,-0.09239596,0.015374651,0.02444167,-0.001927159,-0.049439177,-0.06592719,0.030581817,-0.020701606,0.037556835,0.030390909,0.02953657,0.013637908,0.023722297,-0.06998619,0.038577203,0.053533446,0.06275348,-0.03774034,0.001643442,-0.035306774,0.062656224,-0.00279473,0.02913608,-0.015691008,-0.001759475,-0.08358739,0.03870053,0.016881738,-0.002595399,0.06365083,-0.003657929,-0.02488121,-0.001964119,0.028112452,0.02855483,0.054878294,0.030584699,-0.08484346,0.000103132,0.023728633,-0.062339388,-0.008264901,-0.009998649,-0.000781403,-0.070571125,0.08823638,0.051778488,0.1162522,-0.053133488,0.002658175,-0.0546269,-0.008562258,-0.000133978,0.102642596,0.03403245,0.055958457,0.08534921,-0.058397688,-0.057215996,-0.060796537,-0.037449874,-0.007841264,0.032986604,-0.015868038,0.043654747,0.03985014,0.00208181,-0.015197324,-0.07190595,-0.003327853,0.043527573,0.055510692,-0.09306793,0.039500047,-0.056549024,0.014509982,-0.02001011,0.01228402,0.030811656,-0.008285123,0.03842987,0.014392781,spider+monkey
23,0.008972077,0.07641645,-0.014512183,0.062212538,-0.098341405,-0.034646608,0.013605608,-0.05913111,0.06581895,0.08587141,-0.024380928,-0.11539473,-0.016842443,0.033155248,-0.098708324,0.007079653,-0.00210393,0.10173653,-0.034368083,-0.039571717,-0.025891498,-0.00222291,-0.042413704,-0.000710582,0.022953708,-0.06847196,-0.091173716,0.07899885,0.04642244,-0.039569348,-0.042630754,0.030815978,-0.020398574,-0.015553174,0.019658586,-0.005295193,-0.022993198,-0.01167397,0.071560994,0.028897742,0.08712969,-0.009381988,0.039328516,0.014169151,-0.011879427,-0.0714912,-0.000649283,0.03304376,0.06443389,0.037775118,-0.010474672,0.019180568,0.016293935,-0.041327924,0.011992385,0.044310376,-0.025667414,-0.08443321,0.086220525,-0.022969507,-0.06388785,0.058869112,-0.07704157,-0.13237378,-0.006610403,-0.025609368,-0.03475022,0.11056886,-0.044189315,0.029068634,0.015004839,-0.006305021,0.053516913,-0.005275387,-0.09139611,-0.09774666,0.0391247,0.05125702,0.008512342,0.073230386,0.002265915,-0.05713945,0.046058793,-0.020379867,0.002403243,-0.021619622,-0.0913205,0.034433536,-0.007502824,0.028217796,0.020868544,0.03588541,-0.056913745,-0.051273495,0.019686949,-0.048694666,0.060699362,-0.010103396,0.012767231,0.002018013,0.019289695,-0.061589487,0.014089109,-0.007483835,-0.010420465,-0.055900462,0.01333186,-0.025881669,0.05520503,-0.03163326,-0.08684504,0.003892515,0.006587958,0.03207069,0.05749344,0.020243661,0.03128122,-0.015882343,0.034490164,0.036901105,-0.08582304,-0.003398493,-0.047138587,0.027137259,-0.035231363,-0.01455377,-0.03709006,-0.012606117,-0.007054333,0.063591234,0.005651099,-0.052364934,-0.078861736,0.004854522,-0.014227827,-0.07123981,0.03586169,-0.051110763,-0.010900797,0.068679124,0.058870845,-0.037119392,0.003699286,0.046631068,0.064611375,0.030623361,-0.019817086,0.011153614,-0.05661609,0.029773306,0.0793363,0.001518507,-0.11899817,0.04195649,0.000152606,-0.02554803,-0.018569345,-0.06718665,-0.03632999,-0.028162682,-0.000327181,0.066517316,0.019249747,0.03596885,0.031453483,-0.045365687,0.011331425,-0.028937543,-0.007910805,-0.000593137,-0.1381396,-0.034098037,-0.021493806,-0.03483715,-0.022520917,-0.035139743,0.021133816,-0.048311304,-0.04486183,-0.006268087,-0.08880651,-0.067923866,-0.004366157,-0.0089759,-0.015445111,-0.023387726,-0.016857587,0.000688854,0.079796985,0.06450254,-0.02131335,-0.033644017,0.022410419,-0.050478768,-0.08708638,0.038884953,0.004758447,-0.0403151,-0.051819377,-0.11865865,0.09337963,-0.003886222,-0.06035004,-0.026722357,-0.017172428,0.015567413,0.004282256,-0.016955117,-0.003967835,-0.013263151,-0.09983382,0.010097436,-0.02212606,0.048388038,-0.061895646,0.0237833,0.14070912,-0.017839719,-0.08644271,0.013405276,0.044607293,0.002112851,-0.016738616,-0.054620706,0.04448504,-0.026790757,0.034891505,0.056753732,0.04216555,0.010468857,0.043670334,-0.0722714,0.03262686,0.017237749,0.051608514,-0.03798291,0.002731928,-0.03305599,0.07075028,0.009902831,0.043926068,-0.027221005,0.000671137,-0.099239096,0.022222545,0.006352918,0.00706291,0.046579096,-0.003416889,-0.013704185,-0.007980658,-0.002441054,0.029958094,0.048408754,0.042808734,-0.08355575,0.034612603,0.019498942,-0.060253926,-0.002150016,0.005112912,0.000397762,-0.070624985,0.07382206,0.0310768,0.10434995,-0.062228728,-0.003877412,-0.011491427,-0.021111876,-0.006990328,0.08884915,0.035718795,0.09019371,0.082745686,-0.068067536,-0.0905861,-0.060633898,-0.015398207,-0.01307632,0.003456749,-0.012225977,0.06381433,0.034777045,0.012333244,-0.009667498,-0.057715304,0.008613688,0.037157826,0.063616626,-0.047938496,-0.005037169,-0.0608686,0.003878023,-0.027202863,0.008192854,0.041001316,-0.000553262,0.056937825,0.003319056,humpback+whale
13,0.016411897,0.07461946,-0.007682608,0.06696777,-0.080483206,-0.011689942,0.03885635,-0.055851035,0.03536332,0.049439978,0.000572188,-0.105764404,-0.01493457,0.05559652,-0.082005434,0.01160208,-0.004165331,0.09334676,-0.04111858,-0.033350553,-0.019082155,-0.029713284,-0.025622869,0.005215886,0.015785746,-0.06129079,-0.11422981,0.06946348,0.011427937,-0.060413003,-0.028343553,-0.019894497,-0.03604897,-0.017898504,-0.006772799,-0.013674744,-0.039683316,-0.024100557,0.055244792,0.028886447,0.078072906,-0.003529566,0.04890717,0.014704147,-0.020406596,-0.06233134,-0.020002613,0.033433758,0.03490421,0.027528202,0.002529131,0.0361433,-0.030684581,-0.034264438,0.00608472,0.052633554,-0.02648871,-0.070715494,0.059239876,-0.020776521,-0.06507291,0.055244595,-0.06955852,-0.09799493,-0.010943707,-0.013608825,-0.027761381,0.10533867,-0.030437987,0.03583294,0.0393159,0.014022172,0.062006377,0.004692748,-0.077793,-0.07956475,0.051343184,0.051422328,0.018942416,0.091462925,-0.010160266,-0.045605376,0.04453128,0.001875107,-0.025035268,-0.059116423,-0.10205463,0.042916186,-0.020161046,0.04243137,0.035858236,0.020571668,-0.05503857,-0.07262187,0.012427443,-0.059387736,0.049492773,-0.008481309,0.027937422,-0.002029183,0.004588996,-0.06884692,0.014230331,0.027159864,-0.004815644,-0.06442678,0.008300881,-0.06097407,0.035680503,-0.052205354,-0.07056342,0.02100457,0.001258812,0.002239368,0.05435001,0.012147154,0.047334623,-0.027441949,0.04820271,0.039215937,-0.082378045,-0.008231981,-0.07742356,0.022559023,-0.054444492,0.010699004,-0.030385729,-0.015560997,0.03666954,0.03028295,0.004806369,-0.044570386,-0.08860847,-0.006749541,-0.021324428,-0.04673478,0.047670282,-0.038404163,-0.016888188,0.058377296,0.052796684,-0.04670353,0.011856668,0.03756539,0.04227584,0.00552336,-0.01249945,-0.01249929,-0.04790943,0.017662931,0.067343086,0.019112365,-0.07042074,0.025090033,-0.009088021,-0.014059181,-0.047909662,-0.084387735,-0.033161186,-0.049282633,-0.002603802,0.047983825,0.015165779,0.060943626,0.01487547,-0.028869847,0.014285897,-0.030185718,0.002925229,-0.007602444,-0.13708952,-0.015038287,-0.020952603,-0.043318868,-0.005732146,-0.03434163,0.02912135,-0.04311626,-0.049462207,0.001800675,-0.11045165,-0.048620068,0.004347582,-0.002474594,-0.015756726,-0.02938283,-0.023100536,-0.002549846,0.071970806,0.069731876,-0.012765819,-0.042265028,0.02640582,-0.05222279,-0.078332834,0.00677128,-0.010562822,-0.04572478,-0.062591724,-0.11803292,0.072987095,0.010653233,-0.040017772,-0.020658089,-0.021548316,-0.003230146,0.006529679,-0.01677138,0.009200554,-0.008785997,-0.083122894,0.013290624,-0.021375174,0.036848355,-0.051404525,0.02417937,0.09714749,0.012787415,-0.09039974,0.010496981,0.028548697,0.00704239,-0.039880548,-0.04632831,0.047683023,-0.016572677,0.03383704,0.030052552,0.041663468,0.013067326,0.014199859,-0.053565938,0.029748376,0.054928266,0.049331065,-0.032496847,-0.001501925,-0.035767343,0.055961728,-0.021004332,0.02330145,-0.023658594,0.001395879,-0.09050211,0.03380268,0.025900897,0.004314011,0.05515639,-0.019675015,-0.028296437,0.008724574,0.039760955,0.022836018,0.057554968,0.040229265,-0.08546432,0.015080911,0.002280656,-0.08266689,-0.006874035,-0.021869479,-0.027269196,-0.040732812,0.099621356,0.05964794,0.12507744,-0.04710023,-0.012846744,-0.043216206,0.011459962,0.026309872,0.09024382,0.03362781,0.07634963,0.08025942,-0.073925294,-0.04385062,-0.08129562,-0.039604466,-0.029234957,0.02844483,-0.03722226,0.044016905,0.032496106,0.004909518,-0.001884964,-0.06386989,-0.000305707,0.05343532,0.05551085,-0.1035134,0.021800447,-0.057301275,0.012895109,-0.037451267,0.032670062,0.007918019,-0.008251466,0.028927555,0.010984241,elephant
18,0.03862085,0.06735635,-0.011936413,0.090398446,-0.065610096,-0.025552038,0.043354902,-0.06306169,0.05065447,0.068943575,0.003405892,-0.09148171,-0.034706205,0.058599908,-0.08469085,-0.00483838,-0.010516497,0.11338043,-0.045133084,-0.027888179,-0.027386438,-0.03278559,-0.03532059,0.02174931,0.017758232,-0.055669963,-0.10802154,0.06927957,0.02930509,-0.05733534,-0.014565337,-0.014612136,-0.035976514,-0.014819855,-0.014827278,-0.019615982,-0.028725509,-0.015886266,0.052719988,0.04762443,0.08695967,-0.024990162,0.04967132,0.0335279,0.000405981,-0.0618222,-0.019911833,0.026500132,0.04246937,0.040487777,-0.009740261,0.017062826,-0.022543944,-0.029698197,0.016225997,0.04852239,-0.03262538,-0.07713446,0.05468937,-0.013449445,-0.062507406,0.064084135,-0.05939451,-0.08761288,-0.02962718,-0.021645593,-0.020224925,0.10198554,-0.036199875,0.04342829,0.044380844,0.0163798,0.056307785,0.002946189,-0.084192365,-0.07348771,0.059509717,0.048224248,0.007445003,0.09144303,-0.018098984,-0.046313412,0.037770607,0.003637765,-0.018978696,-0.06042419,-0.09472381,0.05513329,-0.005517355,0.03422019,0.012170449,0.009194367,-0.05447634,-0.07001902,0.01962683,-0.05031548,0.046250075,-0.013615018,0.002159939,-0.023661556,0.007470193,-0.07258866,0.019508189,-0.002300715,0.00090262,-0.07077214,0.002551771,-0.039716266,0.025633711,-0.042913824,-0.073286794,0.003540214,-0.011250539,0.018417433,0.026747739,0.005753812,0.035160154,-0.032079455,0.047985516,0.039755322,-0.08212174,-0.025996167,-0.07251207,0.022270618,-0.045675986,0.023693582,-0.027715769,-0.018734206,0.026640624,0.05562656,0.004088984,-0.05786396,-0.07572558,-0.007771492,-0.027295416,-0.046193466,0.027426552,-0.04157985,-0.016170114,0.05629596,0.06315461,-0.036643833,0.012853378,0.030276772,0.033357147,0.034261182,-0.004882432,-0.024312576,-0.054083534,0.003465388,0.070130184,0.012101002,-0.088951275,0.04501664,-0.006996246,-0.016490933,-0.04359726,-0.060522534,-0.033928134,-0.029376075,-0.005050478,0.053630788,0.020194603,0.0547005,0.000410453,-0.028464353,0.006790474,-0.02722795,-0.006885328,0.007934004,-0.13429686,-0.029847136,-0.00995102,-0.05597288,-0.008172395,-0.026433224,0.03945876,-0.04062558,-0.03178027,-0.000476064,-0.10287809,-0.06319279,0.013298978,-0.016265325,-0.028025705,-0.018670464,-0.032360066,0.004878993,0.078486905,0.063862205,-0.008046322,-0.044135094,0.028018937,-0.04806312,-0.08501607,0.017396558,-0.01442003,-0.0408988,-0.069787435,-0.108057044,0.0686195,0.009964796,-0.03014719,-0.007842216,-0.00165616,0.019472783,0.026543077,-0.019751595,0.006467792,-0.018434744,-0.10053102,0.011051996,-0.034413572,0.034473114,-0.051237345,0.025721699,0.09735747,-0.008901596,-0.087077715,0.011509064,0.029228792,0.006784541,-0.031027833,-0.053776015,0.044957783,-0.03187171,0.031894267,0.022321898,0.039665014,0.02418913,0.013747042,-0.06509135,0.030401444,0.055957757,0.058067866,-0.019685088,-0.001232229,-0.034162167,0.051063795,-0.007270673,0.03017069,-0.020274471,-0.003792949,-0.09240213,0.046061512,0.019836823,0.004191408,0.056235313,-0.029896745,-0.02431737,0.015578044,0.029315963,0.01715956,0.04738792,0.032185648,-0.07358611,0.017468315,0.009976005,-0.061897278,-0.008459344,-0.014783839,-0.020076485,-0.060410015,0.08936256,0.052909154,0.12916586,-0.05759903,5.7835645e-05,-0.04730735,0.004505027,0.002531271,0.099158324,0.031444307,0.04930254,0.0864027,-0.06346117,-0.044684313,-0.066032395,-0.036655303,-0.027207354,0.03353006,-0.034032587,0.04921689,0.038306758,0.009959595,-0.026544169,-0.06723496,0.003893727,0.050112836,0.047279544,-0.09578065,0.01875242,-0.059337128,0.007217486,-0.026628977,0.016773317,0.020537317,-0.004523388,0.045078762,0.024745353,gorilla
31,0.011316631,0.058099497,-0.008721038,0.079557225,-0.082029834,-0.008798689,0.041745164,-0.04525552,0.03814383,0.0588242,0.002163385,-0.11927062,-0.024991076,0.05774402,-0.10984002,-0.002052849,-0.027935442,0.14274515,-0.04226911,-0.040968113,-0.025494453,-0.028130958,-0.029521937,0.017052898,0.011640104,-0.04671809,-0.117127255,0.07103304,0.013420659,-0.04994869,-0.045298237,-0.011708101,-0.001086081,-0.017410515,-0.021089934,0.003763202,-0.0164498,-0.038729075,0.05515647,0.043137033,0.10454967,-0.003391081,0.017981343,0.012770253,-0.032160617,-0.07918576,-0.011525678,0.041149437,0.017550517,0.03435128,-0.02043197,-0.000104991,-0.014009978,-0.011685516,0.01301202,0.04656317,-0.02434406,-0.07586835,0.060796343,-0.027538434,-0.056170713,0.044046912,-0.08397755,-0.09062737,-0.020810992,-0.028090123,-0.019266488,0.114308104,-0.048467714,0.045343824,0.048609607,0.014089529,0.028845955,-0.011497272,-0.09453941,-0.092994206,0.056022614,0.059993394,0.020003164,0.08030486,8.524116e-06,-0.06284532,0.049505968,-0.003235284,-0.024237407,-0.044525824,-0.10003215,0.07769705,0.00375112,0.021150485,0.003130938,0.03259748,-0.051323246,-0.07569455,0.017119534,-0.058479942,0.0638743,-0.012851717,0.040571187,-0.028967252,0.02402936,-0.076098874,0.0096082,0.028864402,-0.006742415,-0.08233996,-0.018123653,-0.036664158,0.034326956,-0.0402577,-0.065099664,0.011852287,0.006907283,0.015289818,0.047552135,0.021557225,0.029964918,-0.035158433,0.043109857,0.03666938,-0.07680525,-0.015848676,-0.08604539,-0.006011029,-0.039159186,-0.017673478,-0.037625283,-0.022197442,0.036366276,0.047536112,-0.020930063,-0.0581427,-0.059877545,0.004878168,-0.030469816,-0.036813993,0.038416814,-0.04206956,0.005406241,0.060924053,0.04907159,-0.040270247,0.025141185,0.013374977,0.035138253,0.026221272,-0.003074175,-0.04080718,-0.06708922,0.015700143,0.053540386,-0.008823108,-0.071538895,0.017185574,-0.028539589,-0.012408661,-0.05026107,-0.07768791,-0.047130235,-0.032646205,-0.014728116,0.056694794,0.02286668,0.04385098,0.03190687,-0.010339962,0.000668074,-0.010247743,-0.004025939,-0.006501854,-0.15642333,-0.030155841,-0.027118403,-0.046616904,-0.007113823,-0.03941319,0.038777497,-0.051300727,-0.058493502,0.020912249,-0.11225963,-0.0388943,0.015960276,0.005916673,-0.004590535,-0.019240322,-0.026826575,0.013985457,0.06585183,0.09750188,-0.008565321,-0.032591216,0.016355881,-0.054127913,-0.06524564,0.002020849,-0.011891183,-0.04498914,-0.056855254,-0.11185779,0.0794898,-0.018837731,-0.045770213,-0.008255588,-0.027915787,0.002217383,0.005164543,-0.012665478,0.02721842,-0.01666783,-0.084773324,-0.005027436,-0.020778308,0.052356966,-0.040073898,0.029361397,0.08247908,-0.009224789,-0.07066011,-0.006117924,0.01536849,0.016202172,-0.021922654,-0.047777764,0.04496908,-0.03797007,0.0392273,0.043310426,0.020895377,0.004833364,0.024469681,-0.04810171,0.04648165,0.078709036,0.02168323,-0.04707772,0.02151558,-0.04342673,0.050190944,0.007050208,0.022764504,-0.021097947,0.025307316,-0.069923855,0.04458537,0.018037146,0.001148473,0.06408651,-0.027630007,-0.000711108,0.009411268,0.04587199,0.011005618,0.035515614,0.02503691,-0.08293426,0.007747217,0.019552743,-0.07492169,-0.009266689,0.004551217,-0.006540142,-0.06394643,0.09632863,0.06525469,0.09508635,-0.0621186,-0.009591525,-0.04522643,0.008238117,0.011906895,0.100491345,0.031717848,0.047168814,0.06180059,-0.08076026,-0.050022162,-0.072017804,-0.027840948,0.002747237,0.021212332,-0.029219737,0.059602678,0.03173999,-0.003096768,-0.018264018,-0.049171254,0.024303813,0.042611323,0.072587624,-0.09666882,0.013628276,-0.045303546,0.03259527,-0.013928762,0.050799917,0.009434673,-0.010698798,0.049057353,0.003708215,ox
14,0.026139509,0.07188208,-0.01661377,0.070127845,-0.07198213,-0.019099016,0.02748346,-0.05183824,0.042394347,0.07720613,-0.002429951,-0.09874024,-0.02707013,0.06499149,-0.09252748,0.000582728,-0.010502102,0.1240329,-0.03551357,-0.04261361,-0.034101628,-0.009954395,-0.049984142,0.006773777,0.01533147,-0.04639823,-0.093958035,0.074389,0.032581903,-0.03872368,-0.012652362,0.002179052,-0.003467436,-0.007275066,0.003396452,-0.015148392,-0.018879596,-0.036822893,0.07264594,0.047968496,0.11515949,-0.025516469,0.030125704,0.015422219,-0.010095729,-0.061009545,-0.01613133,0.026142348,0.04803912,0.03537669,-0.01463856,0.031715862,-0.002509605,-0.023775317,-0.00028395,0.0526311,-0.015235844,-0.09165935,0.057068806,-0.004494291,-0.06461785,0.062236167,-0.090629496,-0.10372005,-0.026770521,-0.007625575,-0.000303418,0.09906809,-0.047684897,0.06859367,0.061416965,0.019790672,0.06031708,-0.010453831,-0.07787603,-0.08528978,0.055954587,0.0498269,0.022714764,0.10256666,-0.001544587,-0.046121836,0.033580657,-0.012390564,-0.018428799,-0.051576734,-0.10346843,0.053938895,-0.002180849,0.014723855,0.020653112,0.017680433,-0.064087406,-0.07432847,0.019361185,-0.05220009,0.035615847,-0.029211644,-0.007474721,-0.029923279,-0.00191581,-0.081530094,0.014873581,0.024331242,-0.002643415,-0.08351359,0.022771094,-0.022360312,0.02173588,-0.065426886,-0.066586986,0.011130222,-0.025852427,0.023722623,0.044702254,0.004204566,0.046239115,-0.03802573,0.051018953,0.030624589,-0.078338936,-0.001638874,-0.065918766,0.007419133,-0.041284498,-0.003719845,-0.042981308,-0.020832155,0.030714702,0.045877866,-0.002301327,-0.07074271,-0.07122902,0.002967543,-0.020751964,-0.04624381,0.028635642,-0.04118186,0.01278355,0.062971696,0.04840156,-0.039027914,0.009497459,0.026788836,0.04812076,0.02567074,-0.036442317,-0.032838456,-0.055967033,0.003490514,0.052354895,0.023306917,-0.093036756,0.018592533,-0.029724782,-0.023368154,-0.03550596,-0.061438136,-0.03208645,-0.009324729,0.007376128,0.05922373,0.018082969,0.0271371,0.010785596,-0.0249548,0.024440987,-0.024034977,0.005560462,-0.004537773,-0.1392608,-0.028524658,-0.04315541,-0.058142476,-0.009158901,-0.017574843,0.018237036,-0.060742952,-0.031562097,-0.015032257,-0.080009304,-0.0585396,0.015494347,-0.027212808,-0.03883067,-0.036877126,-0.02401126,0.000874577,0.07850712,0.063054815,-0.016695404,-0.03716826,0.020962965,-0.03472369,-0.08452203,0.027711028,-0.005511214,-0.0357036,-0.07644515,-0.08712797,0.10141455,0.005495805,-0.037712213,-0.030048642,-0.009177108,0.012268273,0.008224826,0.005308943,0.007830751,-0.01657468,-0.10098419,0.007301351,-0.024878288,0.03996074,-0.05192895,0.030604418,0.095936164,-0.025567263,-0.098918095,0.006547547,0.015905086,-0.001820371,-0.042010047,-0.034420203,0.03614781,-0.018461872,0.050463535,0.024934005,0.022767914,0.013350141,0.033706207,-0.052206345,0.053285044,0.06424399,0.075033136,-0.015612421,0.008664942,-0.047260705,0.055351187,-0.005117807,0.0308188,-0.013488429,0.005660108,-0.07673776,0.04126998,0.03622274,0.027558425,0.036417045,0.007171882,-0.009605426,0.009002319,0.011567296,0.030562442,0.07005576,0.04119689,-0.055233836,0.007303322,0.002608888,-0.074920654,-0.001501356,-0.006206049,-0.010729823,-0.050451506,0.08773747,0.05482753,0.11508326,-0.08269151,-0.014341377,-0.04868671,-0.007918757,0.025151208,0.094349965,0.030586308,0.0690788,0.07787828,-0.06150087,-0.027645608,-0.06873778,-0.026183441,0.004538763,0.02332815,-0.014923848,0.06598226,0.04298519,0.008109611,-0.016380252,-0.06978765,0.00866309,0.036247984,0.034908682,-0.098691225,0.000541217,-0.06315398,0.017143639,-0.025986727,-0.006223408,0.021091823,-0.009589419,0.062389404,0.028458219,fox
40,0.018238224,0.05487079,-0.016452381,0.07666809,-0.073279314,-0.016757855,0.027993795,-0.051229317,0.03740207,0.07355133,-0.006755319,-0.11156577,-0.026505787,0.06352799,-0.10870425,0.005873779,-0.033793844,0.13825992,-0.050207723,-0.050517302,-0.039346717,-0.019864887,-0.03518132,0.02739869,0.021452447,-0.044614043,-0.1081089,0.076072946,0.02346002,-0.056648355,-0.034628935,-0.010482268,-0.01269919,-0.007272743,-0.017844824,-0.003116254,-0.016840491,-0.03449323,0.054531835,0.036395647,0.10108008,-0.00917168,0.016897764,0.007708686,-0.037161596,-0.08299117,-0.012174747,0.031388633,0.02799561,0.014136073,-0.018771188,0.007251809,-0.008793481,-0.011781734,0.013867704,0.042352602,-0.024668777,-0.0766102,0.04999888,-0.029124781,-0.07016723,0.048697297,-0.07840846,-0.11536342,-0.008396463,-0.026763726,-0.016748613,0.09419059,-0.038106695,0.039969046,0.04737357,-0.00485842,0.03443503,-0.006674353,-0.087322034,-0.09945252,0.062234662,0.05829235,0.0267955,0.08175213,0.002796039,-0.052134287,0.04989671,0.000318672,-0.018205162,-0.05933074,-0.10076015,0.065529846,-0.007956884,0.025670405,0.011189188,0.030237218,-0.048179395,-0.09557577,0.03792696,-0.061044246,0.05238818,-0.029802471,0.027164713,-0.051317163,0.023495417,-0.077219754,0.015774712,0.03441832,-0.013754857,-0.07461084,-0.014065388,-0.030782094,0.038821857,-0.051724233,-0.06642316,0.009881352,0.011746698,0.012669849,0.0598825,0.013828464,0.030994296,-0.0434578,0.047456764,0.050454658,-0.078094944,-0.002609676,-0.07854382,-0.008176731,-0.033519115,-0.014599894,-0.053043492,-0.0236856,0.01800095,0.05137513,-0.020022951,-0.059551526,-0.06717257,0.01900447,-0.01615027,-0.046930265,0.029547432,-0.045652144,0.002358826,0.06308685,0.055629354,-0.03386134,0.025680954,0.020630276,0.041095927,0.015228108,-0.002242627,-0.042437013,-0.06620227,0.021567423,0.040314913,0.00487412,-0.071038894,0.023072356,-0.035596233,-0.0244794,-0.043223023,-0.06605135,-0.05122609,-0.02998507,-0.015063685,0.060429297,0.020741666,0.031651463,0.024992138,-0.008589869,0.005884336,-0.009851237,-0.001675597,-0.001808929,-0.14965317,-0.030009339,-0.017995493,-0.049294934,0.010125035,-0.014661578,0.041777566,-0.058845837,-0.039771438,0.020256069,-0.103668824,-0.05609263,0.011771025,0.001815615,-0.010356454,-0.030754384,-0.029992437,-0.003004866,0.07143916,0.08554439,-0.007796883,-0.030476335,0.018259425,-0.045669556,-0.075775824,0.002657811,-0.006842877,-0.034607045,-0.06672536,-0.103450224,0.08227436,0.006359315,-0.035736952,-0.028431293,-0.025159258,0.007359742,0.008168674,-0.005791925,0.02425264,-0.017889682,-0.07823735,-0.004332312,-0.027715862,0.046285875,-0.034880467,0.01171965,0.079302296,-0.015490313,-0.069650084,-0.003710105,0.01850265,0.017764023,-0.024362132,-0.03401856,0.038657825,-0.03827343,0.064920254,0.04332297,0.030516287,0.008422742,0.017956812,-0.05006016,0.049169358,0.080177076,0.02544696,-0.02990144,0.016843814,-0.037221927,0.044823926,0.002154326,0.015211141,-0.01860608,0.018675284,-0.06535977,0.044915285,0.006237427,0.015945481,0.051083803,-0.04082187,0.006373301,0.011670169,0.030194348,0.02290294,0.04948137,0.030887997,-0.0676093,0.014008867,0.013257186,-0.06171891,-0.006551701,-0.007213916,-0.014499275,-0.06326385,0.08519729,0.068507396,0.096378125,-0.050132416,-0.00540186,-0.038055945,-0.002911392,0.005704206,0.103769064,0.031188417,0.04815909,0.0728635,-0.07391002,-0.039198577,-0.08225165,-0.020221746,0.011856996,0.03418156,-0.01076063,0.05970943,0.039482057,-0.001417582,-0.010560438,-0.058958016,0.022058109,0.04107671,0.0670004,-0.09803226,0.025402363,-0.051976014,0.041266017,-0.014743559,0.040097,0.024294551,-0.020238992,0.05904317,0.024892207,sheep
39,0.0055071,0.078353554,-0.010202391,0.05839823,-0.08841349,-0.011741215,0.01741376,-0.057650406,0.04761517,0.07743248,-0.02247138,-0.11258297,-0.034536798,0.058849357,-0.10668665,0.009140031,0.001652896,0.103117645,-0.034948878,-0.025019322,-0.009327583,-0.008938427,-0.049564093,0.009006144,0.030528307,-0.06735588,-0.07495259,0.08048788,0.024433002,-0.05282753,-0.022481984,0.013743277,-0.021669991,-0.016217846,0.018177705,-0.023202948,-0.02397052,-0.009846625,0.056496907,0.03810595,0.09476989,-0.023446258,0.052694142,0.01080468,-0.012487954,-0.062873356,-0.006648622,0.032951225,0.039770372,0.043949448,0.002149924,0.04886644,0.000198076,-0.023843478,0.008206192,0.05129274,-0.03440888,-0.06725018,0.07001318,-0.023239536,-0.06848953,0.059947073,-0.094541736,-0.10672376,-0.014201818,-0.018725056,-0.04280292,0.11032585,-0.062111765,0.036513608,0.036010437,0.006952313,0.056798954,-0.004004565,-0.09726423,-0.09911313,0.05939002,0.061496925,0.028639037,0.09383796,-0.002894273,-0.050160743,0.035896897,-0.010371394,-0.010929504,-0.030581739,-0.08653625,0.039885737,-0.020632315,0.04027334,0.027482376,0.03890205,-0.060947478,-0.05768021,0.016271967,-0.04819278,0.039785333,-0.007229559,0.04094897,-0.013301681,-0.012269777,-0.07005292,0.016251823,0.006759676,-0.020108415,-0.076908484,0.017881343,-0.037066646,0.052684687,-0.02115713,-0.06555727,0.0157994,-0.015321489,0.010700995,0.049223118,0.029148048,0.04120492,-0.002047819,0.028003488,0.0313378,-0.09952304,0.004981731,-0.035802446,0.023184335,-0.034101907,-0.028061708,-0.031193411,-0.024566485,0.014437398,0.054107677,0.015272735,-0.03946365,-0.07854896,0.001253971,-0.023100505,-0.055585094,0.047440685,-0.05781386,-0.029860284,0.061591577,0.057332475,-0.03963171,0.01397566,0.023247689,0.055564005,0.023462508,-0.01650368,-0.016122451,-0.043139778,0.016589914,0.06625219,0.013700865,-0.095107146,0.032909073,-0.010284425,-0.005280263,-0.02575373,-0.06821023,-0.030236188,-0.006273832,0.013303608,0.053764306,-0.004227612,0.049480103,0.03488539,-0.051341094,-0.016967226,-0.027285134,0.018555695,-0.007333813,-0.13687967,-0.028615087,-0.03858709,-0.043170035,-0.014967063,-0.029923689,0.021256175,-0.057738245,-0.05651898,0.003584192,-0.0862809,-0.06074966,0.013696002,-0.0033577,-0.03267877,-0.043509476,-0.026933864,0.002964336,0.105691575,0.07010176,-0.008386595,-0.02975289,0.040220875,-0.034907483,-0.08891521,0.038234293,0.003841397,-0.04489956,-0.071886234,-0.10608803,0.081694014,0.01018044,-0.060564976,-0.02101612,-0.000830838,-0.001214188,-0.008423525,-0.02379612,-0.001112371,-0.031015486,-0.08496144,0.028722534,-0.040849485,0.060395192,-0.047344998,0.0200894,0.122424684,-0.016247729,-0.09695423,-0.000910935,0.028847706,-0.004316564,-0.035143763,-0.052136213,0.035527986,-0.018039986,0.03623109,0.042242367,0.034901522,0.019270848,0.049373973,-0.04911297,0.02948967,0.016484939,0.056707434,-0.038655043,0.001898884,-0.03707833,0.06229984,0.015383491,0.03157427,-0.01688769,-0.005086571,-0.09265476,0.015618211,0.024452332,0.01316181,0.063970506,-0.012267778,-0.016767934,0.00041374,0.003304135,0.039551158,0.064385064,0.033952557,-0.07703633,0.025916308,0.011448329,-0.059263565,-0.008292243,0.001598706,-0.019180888,-0.07545351,0.07706704,0.0634234,0.10944609,-0.048889566,-0.008798605,-0.022349583,-0.024087617,0.014573216,0.09613292,0.054519765,0.09275444,0.069932714,-0.08031513,-0.06159327,-0.062334858,-0.018687794,-0.027643746,0.025240118,-0.02049945,0.06313135,0.047124036,0.012317049,-0.000296753,-0.06508812,0.010033299,0.039116625,0.055964965,-0.057036787,-0.001839036,-0.072835095,0.009043654,-0.03569194,0.022661936,0.031165242,-0.00886297,0.053187907,0.008925557,seal
7,0.025943702,0.05279658,-0.005478998,0.09833397,-0.085226655,-0.00472547,0.041895725,-0.038836394,0.03807778,0.05042268,-0.002797496,-0.10357449,-0.029915309,0.068977244,-0.10857471,0.017958846,-0.007408257,0.12921456,-0.029527605,-0.025825089,-0.024259154,-0.036237855,-0.034927696,0.010043831,0.022236569,-0.070358895,-0.10791292,0.064477645,0.014189656,-0.044490475,-0.016689297,-0.010330837,-0.03866697,-0.009115191,-0.004694858,-0.015854735,-0.02957951,-0.020311214,0.058782153,0.027124155,0.095118344,-0.003388444,0.04095027,0.040614855,-0.0118489,-0.059711736,-0.029475793,0.028360412,0.017595818,0.020572279,-0.025095487,0.030445432,-0.027261788,-0.044887923,0.012180317,0.05123707,-0.01837523,-0.104865335,0.055468462,-0.018036352,-0.042048052,0.07187193,-0.06827973,-0.08529937,-0.034416363,-0.022304911,-0.012562193,0.10973915,-0.039619327,0.029665802,0.032007135,0.006915054,0.060327,0.001194795,-0.071322724,-0.08732071,0.04959529,0.059008263,0.00970394,0.07786072,-0.012794167,-0.030349085,0.05026369,0.014624028,-0.0223903,-0.062108852,-0.102823935,0.0523215,-0.019432014,0.042797826,0.019164607,-0.001336301,-0.063507624,-0.07031043,0.039610997,-0.0468716,0.049558286,-0.019296285,-0.001901704,-0.019515513,0.028470036,-0.08466396,0.009415324,0.019427437,-0.001879997,-0.069279246,0.005964701,-0.044086702,0.046676137,-0.04666613,-0.08503316,0.004174579,-0.02174806,0.010895841,0.045006976,0.019913647,0.04441501,-0.04138224,0.062030673,0.019339371,-0.0826388,-0.015327843,-0.06727876,0.014598927,-0.049748134,0.02116273,-0.039074186,-0.006123555,0.015252518,0.047273166,-0.010025706,-0.08200012,-0.08326399,-0.010356413,-0.014882505,-0.04736712,0.043042507,-0.04286535,-0.00868665,0.051338714,0.056370787,-0.034320734,-0.016591586,0.03257706,0.0409301,0.01952054,-0.007681427,-0.035011213,-0.052497853,0.010581267,0.0704726,0.016868839,-0.10532995,0.0157112,-0.008817278,-0.0341057,-0.060840793,-0.058062673,-0.032327015,-0.033734642,-0.000865136,0.05634231,0.002376494,0.061739106,-0.008990062,-0.024050366,0.018591795,-0.025953496,-0.004369821,-0.007956129,-0.12798446,-0.025223088,-0.03255511,-0.042356543,0.016724007,-0.021000994,0.011121337,-0.04740893,-0.028516326,0.00133336,-0.08883934,-0.04673868,0.014024211,-0.016558146,-0.02181489,-0.012496899,-0.037955485,0.00119344,0.075056836,0.049735498,-0.01903618,-0.04426955,0.021576986,-0.06845131,-0.094171494,0.000572638,-0.005826595,-0.056031507,-0.05945615,-0.120429516,0.057148945,0.017039541,-0.04526994,-0.023831815,-0.03194233,0.001750422,0.01440313,-0.02407361,-0.003113157,-0.015686369,-0.08986594,-0.001259742,-0.034774356,0.05206892,-0.047767907,0.016904844,0.10089228,-2.70E-05,-0.088688925,0.011395904,0.021251678,-0.00513365,-0.04174803,-0.057208814,0.02737386,-0.021680633,0.038475044,0.026339432,0.025655389,0.012897359,0.022579487,-0.07118161,0.035065196,0.05067403,0.06845431,-0.042158075,-0.008161402,-0.040291652,0.061385352,-0.000254196,0.02507149,-0.021318763,-0.001922041,-0.080433875,0.04117131,0.030394133,0.000399188,0.06449449,-0.017829176,-0.033705175,0.008805414,0.030279791,0.031702474,0.059488557,0.03350223,-0.08560256,0.0095443,0.013542967,-0.061638825,-0.012626013,-0.013155292,-0.01621497,-0.05999149,0.10203858,0.044032693,0.12406713,-0.06115516,0.004457212,-0.053233296,0.007704161,0.000254268,0.10743815,0.03632608,0.06613768,0.08725966,-0.05565598,-0.048866283,-0.06351279,-0.040258486,-0.024965608,0.028756782,-0.025044268,0.046013433,0.036334485,-0.002768144,-0.023018626,-0.06620828,0.006466725,0.05201585,0.057784487,-0.08577354,0.029138679,-0.06382455,0.008483843,-0.031976998,0.011878784,0.033715434,-0.012594623,0.043604456,0.022409016,chimpanzee
20,0.009077371,0.06838643,-0.007981984,0.08692331,-0.085713744,0.002114146,0.04513021,-0.046415545,0.041654937,0.06658149,-0.028373158,-0.113236986,-0.018363595,0.066948615,-0.103451416,0.008292613,0.014172022,0.1172993,-0.034270223,-0.027847439,-0.001578413,-0.036957275,-0.02491187,0.022790555,0.009048406,-0.038073458,-0.09275645,0.080097534,0.012046484,-0.060573548,-0.030194595,-0.021165285,-0.026461342,0.015428769,-0.008202082,-0.02925083,-0.011116389,-0.028646195,0.03104889,0.029219216,0.08728663,-0.012222809,0.05322917,0.01610943,-0.008569071,-0.06497938,-0.004577882,0.057517976,0.019945847,0.01794347,-0.025774797,0.03741467,0.000468893,-0.009851756,0.024750689,0.03218361,-0.005338237,-0.07850529,0.056488503,-0.018155336,-0.06398114,0.07060187,-0.10234002,-0.07137274,-0.020663481,-0.02387243,-0.03183695,0.10411036,-0.06628618,0.053376704,0.065963715,0.02910478,0.056947757,0.009715457,-0.10598464,-0.084953345,0.042161785,0.052417427,0.01830197,0.08600084,-0.010543074,-0.062594265,0.035806865,-0.010015376,-0.04181716,-0.042723503,-0.09773795,0.07985483,-0.008384654,0.039316636,0.01214454,0.005176659,-0.06399219,-0.096457876,0.023247218,-0.0553851,0.048404686,-0.003036308,-0.006800839,-0.007888204,0.007205957,-0.076254174,0.010636556,0.027024362,-0.026332352,-0.082661785,0.013782881,-0.03976401,0.040081464,-0.053673875,-0.05645951,-0.003261354,-0.013996917,0.019477714,0.04575895,0.012033654,0.046520263,-0.025064986,0.04659961,0.018859087,-0.08662991,-0.021385286,-0.07768394,0.010275522,-0.0377974,0.014372304,-0.038975846,-0.03204418,0.03506399,0.028130785,-0.008051207,-0.06500978,-0.070180565,0.004946484,-0.03590367,-0.012024308,0.055873495,-0.045683555,0.014071865,0.064674996,0.062146567,-0.029619943,0.011662239,0.004876379,0.04635626,0.019914271,-0.017590009,-0.039728336,-0.06537078,-0.00995476,0.053545065,0.009068529,-0.09507294,0.004922037,-0.024845151,-0.043550644,-0.056593668,-0.06679578,-0.057802357,-0.001804539,0.009708134,0.060407102,0.016667483,0.056773357,0.023433406,-0.048155356,-0.003205892,0.007623631,0.015835147,-0.038102377,-0.15431608,-0.036288943,-0.038099222,-0.022430569,-0.020295953,-0.002393954,0.039239474,-0.07546675,-0.0347225,0.025349349,-0.07552983,-0.04136975,0.016387854,-0.020985972,-0.020467965,-0.027254716,-0.030547285,-0.003541298,0.074691996,0.08011342,-0.007422263,-0.023212701,0.02269907,-0.053746026,-0.066593185,0.023415884,-0.019463701,-0.06669563,-0.09599417,-0.11494144,0.07851725,0.007459187,-0.052486695,-0.024334371,-0.009903126,-0.008334038,-0.014658426,-0.022922693,0.002810872,-0.023750946,-0.09297771,0.036400534,-0.038335033,0.074288726,-0.03039906,0.025524765,0.10578127,-0.015241569,-0.110096216,0.001199485,0.012182927,0.009159716,-0.042259518,-0.036915082,0.028233906,-0.007008276,0.020006647,0.007628118,0.036719166,-0.006757018,0.039095975,-0.04411026,0.040712185,0.04385627,0.04625541,-0.026195843,0.011185047,-0.03404092,0.046808198,-0.011959476,0.020760605,-0.014577484,0.010385557,-0.07741497,0.05603578,0.033221066,0.007614567,0.072520345,-0.018350538,-0.040344197,0.002707165,0.019630272,0.042593088,0.053445153,0.019721966,-0.058084834,-0.007852299,-0.003461458,-0.071577586,-0.016698916,0.00683607,0.004085288,-0.07293341,0.08274377,0.04496114,0.11410918,-0.07259723,-0.011176495,-0.05649113,0.003306287,0.017859347,0.10906966,0.07376781,0.061397605,0.06203605,-0.07651575,-0.044029664,-0.08363953,-0.01784195,-0.024627388,0.040830377,-0.010910342,0.06004836,0.048279457,0.002038299,-0.014545938,-0.0677643,0.011473593,0.038684655,0.06345062,-0.096520334,0.023168722,-0.059136994,0.021726694,-0.00814719,0.014505771,0.005168968,0.013453327,0.038559265,0.001256856,hamster
44,0.019403487,0.07364195,-0.030624539,0.09132885,-0.078937165,-0.011484792,0.019418433,-0.03723859,0.039725833,0.07599393,0.004145264,-0.09487707,-0.019543873,0.0600316,-0.101011656,0.002162035,-0.014523764,0.11655013,-0.038966566,-0.03475393,-0.02674202,-0.01782181,-0.031829454,0.00899593,0.003430428,-0.061985515,-0.105771676,0.07224425,0.018087966,-0.047029782,-0.023136348,0.0039255,-0.004017552,-0.025241325,-0.004551577,-0.02710795,-0.016629871,-0.047050327,0.050160885,0.044497564,0.127535,-0.04087577,0.054742105,0.010896999,-0.008782024,-0.07315312,-0.017284313,0.015216264,0.03668365,0.034467585,-0.031035352,0.032658733,0.002337716,-0.022105303,0.012414795,0.0427808,-0.021046385,-0.09093345,0.052438848,-0.014662264,-0.052882053,0.05446609,-0.0824454,-0.083965406,-0.025182549,-0.024889905,-0.004641066,0.0833929,-0.061730944,0.038218796,0.06495013,0.001666106,0.041442674,-0.027050111,-0.08291084,-0.07328383,0.027474001,0.030053604,0.001925203,0.08818637,-0.022685621,-0.040804934,0.04803512,-0.019281788,-0.016436193,-0.056945175,-0.099043444,0.052586943,-0.011578674,0.022623396,0.015096469,0.006862073,-0.06197377,-0.09654707,0.01778841,-0.07259163,0.032237045,-0.02216244,-0.019308442,-0.016357573,0.005864314,-0.09510758,0.020445632,0.03435921,0.002224553,-0.07417955,0.006935122,-0.02417189,0.009435581,-0.073324956,-0.08451441,-0.025753433,-0.028240222,0.01806329,0.04385634,0.021045966,0.064028375,-0.025181064,0.048647594,0.03138173,-0.0764811,-0.008648499,-0.07444018,0.008753212,-0.04287317,0.018471068,-0.05335813,-0.014930447,0.021261448,0.060414173,-0.003826073,-0.08787666,-0.072848506,-0.010143016,-0.022704953,-0.033792067,0.04259715,-0.06401772,0.00363173,0.06797432,0.056627132,-0.024029667,0.002566363,0.036207292,0.053581227,0.02808907,-0.017798651,-0.042395167,-0.06146139,-0.002415419,0.05095595,0.021738144,-0.100698136,0.024503682,-0.027952816,-0.024611745,-0.034966826,-0.051733565,-0.047355242,-0.019798223,-0.003769842,0.059202354,0.011975254,0.04743545,0.004613638,-0.03678496,0.012787354,-0.012833421,0.009704863,-0.03147217,-0.15106292,-0.016787086,-0.041200712,-0.046560876,-0.020435566,-0.018474136,0.028660152,-0.044279896,-0.028138194,0.012156139,-0.08983266,-0.06997096,0.022042293,-0.021324003,-0.026260948,-0.02293837,-0.049472556,0.00237454,0.06937426,0.06377705,-0.013526639,-0.059874784,0.011679393,-0.043035045,-0.09444518,0.032617114,0.006452293,-0.06591031,-0.07882117,-0.10358578,0.092626825,0.001540772,-0.039971195,-0.021243341,-0.012930146,0.020591797,0.015949683,-0.01878063,-0.001640161,-0.013368867,-0.1050931,-0.007412579,-0.03165602,0.052426707,-0.042889383,0.029700587,0.09130301,-0.01544481,-0.09521418,0.014233336,0.03266233,-0.016468782,-0.041103315,-0.041871585,0.03671189,-0.009272656,0.018130885,0.016922496,0.02877039,0.007753785,0.023160141,-0.046878584,0.050852187,0.057819914,0.06012575,-0.03186694,0.010877378,-0.048505154,0.054077677,-0.008702051,0.02036456,-0.013346372,0.002565996,-0.083040744,0.042598806,0.029122839,0.013929868,0.04632802,0.001233276,-0.022537604,-0.004269738,0.010519079,0.031324476,0.061218627,0.039570324,-0.08166606,-0.007916303,0.008654454,-0.08889496,8.696537e-05,-0.000965891,-0.00750978,-0.07135269,0.08043313,0.04373037,0.11991658,-0.087189004,0.002029231,-0.052159913,-0.004850601,0.004772403,0.100264035,0.049018547,0.06724531,0.075689,-0.060828697,-0.036240853,-0.06367915,-0.025736224,-0.018542372,0.024469752,-0.016397078,0.05784599,0.0379635,-0.000346492,-0.011906958,-0.07475369,0.008070453,0.030460466,0.05383257,-0.09012081,0.010374854,-0.07141386,0.013574852,-0.02590796,-0.015208436,0.014127122,-0.003285939,0.056064248,0.025917342,squirrel
38,0.02528539,0.08289039,0.004362402,0.05274751,-0.070303,-0.022940014,0.03388176,-0.058531333,0.04507588,0.074109785,-0.005108586,-0.09336371,-0.034090973,0.04393661,-0.08555139,-0.000984433,-0.00503985,0.112911545,-0.0396249,-0.028743792,-0.050484993,-0.037382804,-0.024652163,-0.006788371,0.016902689,-0.06450178,-0.11521778,0.07570785,0.04471611,-0.04023783,-0.006910561,-0.003421541,-0.03035662,-0.002744517,-0.003952676,-0.014269838,-0.019791232,-0.013024521,0.062244613,0.02485856,0.092744835,-0.027489703,0.05630222,0.02083927,-0.002926899,-0.067151025,-0.001808507,0.016204823,0.03926871,0.027471835,-0.00051173,0.024268812,-0.003787123,-0.03907251,0.0118023,0.04480403,-0.021432752,-0.06745623,0.043573447,-0.016216138,-0.084841475,0.058309592,-0.07495604,-0.11134429,-0.025639463,-0.014158385,-0.003499471,0.09946488,-0.035708588,0.04844166,0.038715903,0.017345103,0.04666707,-0.001801637,-0.10498973,-0.094306715,0.049018215,0.042011626,0.004401153,0.09785598,-0.000466284,-0.06448699,0.038270015,-0.006219078,-0.023326896,-0.045100175,-0.09453569,0.05313015,-0.026818043,0.034657575,0.004586416,0.025650874,-0.05599954,-0.06970901,0.014013861,-0.04483492,0.03868588,-0.018210594,0.020527542,-0.02543444,0.018535374,-0.06516258,0.022090344,0.007188592,-0.003562696,-0.06931769,0.004305716,-0.03792712,0.026818132,-0.058724105,-0.08194894,0.004738095,-0.008823964,0.023948552,0.030472904,0.007665498,0.042621154,-0.036969285,0.031776745,0.046578653,-0.08352225,-0.003261249,-0.08050447,0.024589509,-0.043801457,0.00650194,-0.038294442,-0.030571401,0.03628873,0.035288814,0.018406846,-0.06177271,-0.078060895,0.010541898,-0.026818905,-0.05008511,0.020295687,-0.037594788,-0.018871475,0.07165677,0.05893094,-0.055317473,0.026655804,0.028532246,0.038086608,0.025811568,-0.008358317,-0.020959692,-0.04398314,0.006527286,0.056263737,0.007208922,-0.095864296,0.043709483,-0.010446066,-0.01871332,-0.038675763,-0.072055794,-0.04227395,-0.026833024,-0.001349896,0.050470926,0.031490516,0.037797615,0.006551795,-0.04279733,0.035667796,-0.03403073,0.005784929,-0.004666389,-0.13512063,-0.018513469,-0.03329826,-0.04480274,-0.010934125,-0.025200054,0.04888325,-0.06906448,-0.043699615,-0.017110366,-0.09461581,-0.06755161,0.009114048,-0.009722427,-0.03383506,-0.020805743,-0.028154233,0.004313222,0.07557922,0.07720151,-0.021014616,-0.05995483,0.017442297,-0.04972327,-0.081812374,0.02883487,-0.003394871,-0.026169753,-0.07361587,-0.09859284,0.09118935,-0.001281086,-0.034735087,-0.012921125,-0.000909258,0.015106405,0.016788896,-0.020697074,0.001159446,-0.025789361,-0.09514505,0.015072033,-0.02943508,0.0337827,-0.048877355,0.031300884,0.099677876,-0.024356568,-0.086408526,0.008846054,0.010706225,0.017023008,-0.044395056,-0.035666212,0.058360733,-0.00773201,0.03128678,0.042307526,0.042386033,0.022939716,0.0250921,-0.056318097,0.049034826,0.05902818,0.052351087,-0.028014738,0.012771392,-0.036118407,0.050373524,-0.013764252,0.0320512,-0.02282416,0.004622195,-0.09218882,0.032608178,0.007832887,0.025792992,0.05680581,-0.004039676,0.001635572,0.019373983,0.02831536,0.031965055,0.054620225,0.05109296,-0.0704847,0.023937803,0.008092027,-0.07815086,0.00320028,-0.02152521,-0.009424044,-0.040074505,0.095251694,0.057585705,0.12164295,-0.07802769,-0.010777682,-0.019931635,-0.030395204,0.01838375,0.080390595,0.032352395,0.07273014,0.06568651,-0.06408312,-0.034873884,-0.08034293,-0.04790879,-0.045632094,0.03914531,-0.045445718,0.06357284,0.034099218,-0.000480478,-0.021614552,-0.047255784,0.005898216,0.03326509,0.03406467,-0.079921536,-0.00753568,-0.061128654,0.016644415,-0.015450846,0.04104278,0.019716142,-0.013380924,0.054428615,0.005629411,rhinoceros
35,0.01754764,0.06841879,-0.012706285,0.08364794,-0.09327013,-0.02355308,0.041484892,-0.04011331,0.034394875,0.069787666,-0.014585741,-0.11231105,-0.015408416,0.043309588,-0.10966577,0.00883498,-0.003783464,0.14560604,-0.036264095,-0.03952398,-0.017446488,-0.016445084,-0.032343097,0.005515407,0.011134543,-0.047773533,-0.09659341,0.066950604,0.018013675,-0.046989292,-0.033409923,-0.007452427,-0.029384132,-0.019937808,0.000812155,-0.007980263,-0.021457117,-0.024448585,0.055351615,0.045566596,0.11510589,-0.007603553,0.041514948,0.010951137,-0.015141612,-0.054880828,-0.000261896,0.028357025,0.034036588,0.033221982,-0.020548556,0.037291277,-0.004989181,-0.016972546,0.019913081,0.04904317,-0.016901325,-0.09386487,0.06265183,-0.014770269,-0.05983559,0.06532846,-0.08640151,-0.10016217,-0.015309254,-0.030993884,-0.005932931,0.10524835,-0.057868242,0.05542626,0.056225628,0.022576688,0.041995943,0.001659208,-0.089018,-0.0800116,0.047960766,0.06557336,0.026323494,0.09346397,-0.009248791,-0.048817236,0.041296937,-0.004110607,-0.017656837,-0.05070752,-0.103346094,0.061725,-0.015207773,0.02556383,0.012344362,0.024556788,-0.058328163,-0.08445536,0.013320779,-0.05463033,0.05669086,-0.021156136,-0.002878887,-0.027234878,0.01148413,-0.085482314,0.004804333,0.018210547,-0.007286756,-0.07420815,-0.001431766,-0.02778745,0.033434235,-0.049326997,-0.060556363,0.00092439,-0.006024598,0.024924463,0.03837038,0.01179233,0.033347733,-0.033795185,0.039094344,0.036867164,-0.08804919,-0.003208591,-0.067225605,0.015505788,-0.040777896,0.003719894,-0.04527367,-0.025259852,0.03669619,0.039527476,-0.004447306,-0.06272409,-0.069670245,0.010970151,-0.04007087,-0.041607678,0.035854265,-0.03998259,0.015529715,0.067953445,0.053880822,-0.03147131,0.011282712,0.029220412,0.05459591,0.031016314,-0.021497421,-0.03289358,-0.063216016,0.00097207,0.061953843,0.018020956,-0.08288835,0.016018372,-0.030621463,-0.022697043,-0.051635236,-0.07038719,-0.04420585,-0.017215285,-0.0024402,0.06925003,0.016516233,0.042476736,0.020028979,-0.037593223,0.00550473,-0.015217553,0.014124562,-0.013432568,-0.14417018,-0.024249382,-0.04343485,-0.04751215,-0.01796243,-0.008330917,0.03491879,-0.060460914,-0.039731752,0.009502089,-0.076555416,-0.052805036,0.021678362,-0.005158395,-0.020774592,-0.03153685,-0.034499343,-0.005960164,0.0786161,0.06799998,-0.010319501,-0.03771261,0.019518772,-0.040672056,-0.06645644,0.016032834,-0.020707984,-0.0392662,-0.07659142,-0.10212487,0.08273394,-0.001617995,-0.037757497,-0.02284582,-0.012128291,-0.003398686,-0.002147255,-0.012558798,0.019753775,-0.012679408,-0.09813049,0.016218297,-0.034990538,0.04742452,-0.0498256,0.02026188,0.097282566,-0.035667546,-0.10242893,0.003566516,0.019160114,0.006763876,-0.03528378,-0.048042573,0.02889334,-0.028008318,0.03911992,0.028919563,0.029813195,0.008084838,0.02843688,-0.056884743,0.055317212,0.0695932,0.054290134,-0.0382486,-0.004206282,-0.05137161,0.047977548,-0.003286263,0.020359928,-0.013027626,0.007207401,-0.079275236,0.041851856,0.024457399,0.015800145,0.051342886,0.003577384,-0.01887421,0.004061875,0.014205353,0.033243053,0.05294471,0.030181011,-0.073066235,0.014356503,0.01228541,-0.070149496,-0.006220034,-0.006771976,-0.013765162,-0.06968685,0.08942295,0.05104524,0.11640415,-0.059075125,-0.008656124,-0.057174236,-0.003949876,0.020216973,0.10540626,0.043103863,0.07188849,0.06392913,-0.06848352,-0.038761847,-0.06778994,-0.023946118,-0.010891216,0.022895047,-0.016236987,0.064909205,0.041375123,-0.003549293,-0.002082622,-0.056921016,0.006985952,0.03790859,0.060589433,-0.09941144,0.030509034,-0.069837086,0.017323999,-0.022386592,0.018491901,0.016510837,-0.005777169,0.04562482,0.01242931,rabbit
1,0.018786212,0.07687692,-0.005269997,0.06815951,-0.104507945,-0.028945694,0.0426061,-0.060901158,0.063447945,0.08722112,-0.013925212,-0.1145096,-0.025328994,0.048207253,-0.09045361,0.008911429,-0.002547017,0.112237,-0.030035684,-0.027966365,-0.030311039,-0.02505162,-0.034775835,-0.004283985,0.007294591,-0.062304925,-0.09931331,0.06609086,0.011425071,-0.038666863,-0.014786864,0.01512011,-0.01499067,-0.01745542,0.02068385,-0.010761241,-0.033116274,-0.022281583,0.05540598,0.054398347,0.1105574,-0.02381742,0.051469605,0.010707045,-0.004085576,-0.076324,-0.000730395,0.009861943,0.046649,0.022138033,-0.02209239,0.024537105,0.006133868,-0.03216956,0.021337314,0.032631192,-0.008934701,-0.07865222,0.0488879,-0.020886056,-0.04477239,0.06477706,-0.06584554,-0.10990834,-0.030802762,-0.025690833,-0.010604786,0.109817885,-0.036953382,0.04929761,0.046258654,0.003063469,0.061726578,-0.025194744,-0.10045866,-0.083869316,0.038249902,0.045045726,-0.004612311,0.08454249,-0.006248258,-0.047127303,0.03846944,-0.017160023,-0.004720396,-0.030516302,-0.10589565,0.06339836,-0.00791233,0.042606372,0.013090412,0.011838467,-0.06891206,-0.06334212,0.008172266,-0.052740484,0.061340224,-0.022264926,-0.001594179,-0.030767858,0.017628115,-0.08487261,0.000217934,0.010212799,-0.005634652,-0.08017308,0.002104399,-0.028507873,0.026954401,-0.048245665,-0.06173125,-0.01270354,-0.023444941,0.021413304,0.045156922,0.021791432,0.040024213,-0.006988627,0.036492586,0.038991157,-0.0770887,-0.006192522,-0.046859942,0.020599484,-0.041570403,0.00633539,-0.043628093,-0.012305437,0.004637511,0.054911613,0.004707055,-0.073636115,-0.072329275,-0.008423554,-0.018982368,-0.051024795,0.034412447,-0.04885422,-0.021529403,0.06180667,0.069012225,-0.020018335,0.013137871,0.03289097,0.053563923,0.044750977,-0.011875498,-0.03468659,-0.051650863,-0.006403116,0.06056381,0.007771087,-0.10187483,0.037714414,-0.005174888,-0.016645586,-0.03751961,-0.08441568,-0.044926684,-0.028232062,-0.006240302,0.05616941,0.024873376,0.025815476,0.010703163,-0.040381327,0.010574556,-0.02328943,0.00337598,-0.023373974,-0.13480516,-0.014526663,-0.033957385,-0.05237623,-0.011234378,-0.021417787,0.01978514,-0.07146897,-0.035680145,0.00430827,-0.105657354,-0.040506423,0.027554343,-0.009987687,-0.027649498,-0.025403071,-0.030866047,-0.001343122,0.0860029,0.054445308,-0.000332871,-0.035800092,0.009185918,-0.044826966,-0.094418034,0.020194393,-0.006076447,-0.055727042,-0.06956877,-0.11369407,0.102252685,-0.002549369,-0.05290576,-0.014977977,0.001577389,0.003074373,0.001417446,-0.024542123,-0.004307272,-0.015675867,-0.099592865,0.016649537,-0.048457995,0.044274572,-0.054008942,0.021463025,0.099652514,-0.005144005,-0.096826926,0.014071249,0.029582342,0.002139967,-0.06675244,-0.03970841,0.044805452,-0.019984543,0.03145629,0.0331869,0.019777259,0.029741872,0.011984388,-0.062184244,0.038944595,0.044585638,0.052401226,-0.03760545,-0.012682891,-0.049631532,0.073172435,0.004637886,0.025285905,-0.025300747,0.00271496,-0.10761591,0.046314657,0.02063969,0.020381382,0.048094638,-0.009985471,-0.01579978,0.01337668,0.002669604,0.031215917,0.051830143,0.0408232,-0.09340425,0.01798829,0.021931909,-0.058323763,-0.015633862,-0.004256134,-0.007763815,-0.06923857,0.07393107,0.040914368,0.12763205,-0.04482361,-0.013840315,-0.04761315,-0.004958042,0.021741312,0.105844215,0.053232938,0.056930326,0.08174256,-0.0722287,-0.050805252,-0.061460447,-0.027361125,-0.014993638,0.027042646,-0.004609502,0.06193731,0.04599671,0.012270907,-0.014127059,-0.06479088,-0.004441517,0.014439896,0.032742865,-0.08236771,0.02426925,-0.062098704,0.005970267,-0.02324699,0.021431124,0.022376334,-0.013178082,0.052536298,0.014561102,bat
17,0.032844122,0.08199276,-0.006365307,0.068841256,-0.0821063,-0.039578166,0.05538293,-0.046340626,0.034862272,0.070502445,-0.01052876,-0.10679054,-0.020924546,0.048152596,-0.0999431,-0.007118669,-0.010813419,0.103472844,-0.03891051,-0.021023748,-0.034168698,-0.022042807,-0.03726569,0.0217066,0.020967176,-0.06757079,-0.10358167,0.070391364,0.023201585,-0.08044757,-0.0248756,-0.003797159,-0.028884802,-0.032057315,-0.018768016,-0.018760616,-0.03123255,-0.029442107,0.034854945,0.041348998,0.08053553,-0.028029576,0.046966977,0.011287021,-0.002985329,-0.058371056,-0.008208643,0.015624518,0.038027763,0.030346721,-0.015165028,0.019581407,-0.003841819,-0.037272587,0.03695578,0.043266766,-0.03389211,-0.06263925,0.04279872,-0.01788848,-0.061749607,0.04511689,-0.05288289,-0.123232424,-0.018793348,-0.021887388,-0.017136294,0.100779735,-0.04487859,0.039961156,0.061995685,0.022223925,0.044985283,-0.021964919,-0.10810491,-0.06847883,0.036895383,0.04636214,0.02043566,0.08998167,0.004266894,-0.05427879,0.038467735,-0.007646446,-0.024388038,-0.027212184,-0.091197476,0.033578984,-0.007780721,0.044170845,0.000756578,0.028464353,-0.05633402,-0.07731063,0.010036278,-0.048333365,0.05828256,-0.022418123,0.029150363,-0.031650383,0.012807826,-0.075418204,0.018537002,0.001837617,-0.007344788,-0.06684878,0.027945578,-0.042072818,0.023941467,-0.0450572,-0.06441747,-0.001919551,-0.004455754,0.00929364,0.033652056,0.010840363,0.041891813,-0.01289988,0.03411745,0.026924962,-0.09053428,-0.015063433,-0.05898592,0.008943983,-0.014998066,0.018606517,-0.040200733,-0.020073576,0.039038707,0.052179437,0.00472457,-0.050591886,-0.06192255,-0.010642948,-0.028824702,-0.023472968,0.041407216,-0.05170671,-0.001730515,0.07687361,0.06660216,-0.024277564,0.014426323,0.030818027,0.049959905,0.04037129,-0.006755056,-0.04064428,-0.04797098,0.005489714,0.07471545,0.022599282,-0.07538622,0.03165705,-0.005607612,0.003005281,-0.04229794,-0.06806538,-0.03847394,-0.039463103,-0.016603326,0.050064426,0.030422512,0.030912947,0.021497939,-0.026247432,0.019141654,-0.032862313,-0.017075937,-0.005149721,-0.14462265,-0.021322608,-0.030921346,-0.049823046,-0.016085194,-0.022848003,0.03367954,-0.037812665,-0.043378368,-0.003848272,-0.11797615,-0.061170094,0.005452814,-0.013539876,-0.033762757,-0.027140027,-0.019978022,0.009574996,0.08566035,0.062631026,-0.003000313,-0.05087592,0.020574182,-0.04883506,-0.08192603,0.031797633,-0.007849498,-0.035444874,-0.087033994,-0.12141596,0.08228908,-0.001247911,-0.031980064,-0.012214262,-0.007111341,0.006939401,0.006748475,-0.014459476,0.00934589,-0.01432056,-0.12020628,0.005817342,-0.042984147,0.04712458,-0.048296552,0.021490464,0.07906686,-0.018045345,-0.0747491,0.018926272,0.015918477,0.009742046,-0.033967763,-0.04101738,0.043554593,-0.014468208,0.024899589,0.038935706,0.029149592,0.00536196,0.016459925,-0.07753147,0.03778357,0.06251304,0.058856994,-0.020209843,0.011616609,-0.037253693,0.06417892,0.001617605,0.012664633,-0.023062043,0.00866816,-0.08613693,0.04420375,0.02913112,0.010538348,0.063640244,-0.020147163,-0.018732209,0.016347915,0.016071785,0.016983587,0.062014263,0.040961336,-0.08366648,0.010362854,0.026878368,-0.0895031,0.006054407,-0.027098367,0.002815272,-0.057648998,0.08892339,0.06734232,0.12236527,-0.058888156,0.000874339,-0.047172256,0.003739258,0.019805955,0.11866286,0.036508203,0.054694273,0.08037495,-0.07631697,-0.05480082,-0.07603998,-0.026563874,-0.02029915,0.036929287,-0.029453527,0.055427022,0.04533404,0.003893893,-0.016916195,-0.07140143,0.004253521,0.034080457,0.042630292,-0.074374884,0.018987644,-0.08216332,0.007652941,-0.02316138,0.027942467,0.011132054,-0.024834739,0.030046362,0.015133807,giraffe
48,0.03495633,0.061279975,-0.021643165,0.082384445,-0.07067782,-0.012030911,0.028126935,-0.06345247,0.032965753,0.074127376,-0.0002486,-0.096054934,-0.01548929,0.05079478,-0.087486066,-0.01257481,-0.001139829,0.123611584,-0.022873333,-0.056382526,-0.022147626,-0.007045341,-0.034697857,0.007551879,0.005813764,-0.05253462,-0.104440674,0.077730216,0.041970298,-0.037873186,-0.012184585,0.000991701,-0.013146562,0.001369886,-0.014166822,-0.01837461,-0.013263506,-0.0134887,0.06799472,0.04651639,0.1110522,-0.025536155,0.032811604,0.012693716,-0.020725774,-0.06592572,-0.004154076,0.027418142,0.032494076,0.038409166,-0.010662278,0.030815512,-0.037990406,-0.01828195,0.0028551,0.03621917,-0.022658957,-0.09419246,0.05477045,-0.022482593,-0.06513221,0.0642076,-0.07719322,-0.09384879,-0.029043853,-0.011517289,-0.004516829,0.104466096,-0.044172138,0.065743044,0.040051892,-0.001420474,0.052934505,-0.011615902,-0.082485795,-0.08990272,0.057807066,0.05163924,0.028728187,0.07732271,0.002658354,-0.052670896,0.036428638,-0.0101257,-0.009936599,-0.053934395,-0.09776363,0.061777014,-0.01211881,0.035861466,0.015844684,0.015471454,-0.062473886,-0.06839868,0.032241013,-0.060290344,0.05401749,-0.026479864,0.005538192,-0.036072183,0.004954075,-0.06740895,0.013384712,0.023313876,0.011252028,-0.08612681,0.011596998,-0.03207092,0.02890209,-0.04722589,-0.07263455,0.014033066,-0.002945677,0.009414983,0.051326293,0.009366157,0.046896197,-0.02345926,0.03305082,0.0315064,-0.101158306,-0.004248901,-0.07415037,0.031841945,-0.034338202,-0.01479095,-0.040715404,-0.015651152,0.017120209,0.04290425,0.001108283,-0.043204643,-0.077662334,0.007909158,-0.01878174,-0.04592994,0.04004448,-0.05146236,-0.007993746,0.0578295,0.048488036,-0.034374796,-0.003096484,0.029843044,0.035853706,0.007989241,-0.020382976,-0.021687282,-0.045347374,0.000399547,0.05989182,0.020273019,-0.0870799,0.03335025,-0.027649272,-0.013866072,-0.03500714,-0.069336474,-0.04116791,-0.012061377,0.002737528,0.04605485,0.02216656,0.04484249,0.011378476,-0.013800703,0.013087508,-0.015387053,0.003237244,0.005114453,-0.14466906,-0.034716547,-0.036617197,-0.050019346,-0.009291425,-0.016343035,0.019024793,-0.051674645,-0.061133467,-0.004165379,-0.09320649,-0.07325863,0.029213581,-0.010837214,-0.04147949,-0.028642114,-0.020444697,-0.003130861,0.077549644,0.06489861,-0.017885089,-0.04801666,0.024683323,-0.03319411,-0.07262435,0.015677359,0.002182873,-0.033025064,-0.066697,-0.08856762,0.08446936,0.024783319,-0.028488597,-0.035606366,-0.018208997,0.001869118,0.014441064,-0.005991227,0.00746062,-0.01502377,-0.1123993,0.005159339,-0.038630717,0.03314024,-0.06850931,0.024394112,0.10077764,-0.013526911,-0.10194334,-0.008067979,0.018013315,0.004292963,-0.017290246,-0.032261316,0.033455156,-0.025013864,0.04839448,0.02208884,0.03706288,0.003043788,0.029423397,-0.041672014,0.051020496,0.05860396,0.056503613,-0.015798649,-0.004142177,-0.044309597,0.055004377,0.004526937,0.021633646,-0.012559505,0.000716273,-0.0963406,0.040816955,0.03444737,0.0271591,0.03898956,-0.005412299,-0.018685924,0.006871393,0.024970625,0.022522205,0.06707796,0.033369698,-0.07339375,0.027376452,0.001612076,-0.067003205,-0.006775985,-0.011277882,-0.021175865,-0.05847018,0.075871095,0.060199857,0.11941899,-0.062763035,-0.018125955,-0.047395222,0.00194866,0.005745688,0.1011157,0.016350456,0.07175605,0.075485155,-0.067060366,-0.03310644,-0.05188762,-0.03034712,0.004430803,0.01888952,-0.019479435,0.06582111,0.050526656,0.000627198,-0.026967237,-0.06533586,0.01299155,0.049414273,0.030941376,-0.09570889,0.02006426,-0.052642178,0.020293247,-0.01494164,0.012702639,0.029317942,-0.006229417,0.057715483,0.02516503,wolf
6,0.02869933,0.04897986,0.004650432,0.08784467,-0.082555294,-0.00650764,0.064198375,-0.062501796,0.04510791,0.058916252,-0.021910224,-0.11034491,-0.015631558,0.04366871,-0.092206284,0.03222492,-0.002284034,0.11515723,-0.0309334,-0.043214027,-0.021050164,-0.007799714,-0.026133891,1.48050485e-05,0.011198714,-0.02649417,-0.10135819,0.089691296,0.026801478,-0.025771772,-0.02830365,-0.012337009,-0.030375615,-0.006390853,-0.005701794,-0.019760594,-0.008368736,-0.01324517,0.04097345,0.05085022,0.065100506,-0.02586334,0.037586145,0.006595731,-0.016786681,-0.05374543,-0.014507996,0.0433823,0.033186752,0.029727887,-0.006899767,0.046542488,-0.002124853,-0.029562438,0.029118061,0.059225626,-0.00698331,-0.07203167,0.06252364,-0.015912673,-0.04088968,0.07525994,-0.074767575,-0.07789932,-0.020290516,-0.006172356,-0.028910976,0.09276016,-0.03723368,0.047865666,0.07347821,0.020767568,0.05354973,0.008950154,-0.08791424,-0.06922738,0.07566253,0.06903611,0.048838526,0.100687504,0.017487224,-0.074765205,0.038416557,-0.002600605,-0.044393774,-0.058532566,-0.08816056,0.07424258,-0.009061392,0.021159826,0.014810383,0.006312695,-0.04638393,-0.074863136,0.014238474,-0.05822321,0.062611386,0.014354507,-0.010484478,-0.019583384,-0.008029644,-0.06941533,0.021181393,0.026574131,-0.015446822,-0.06091541,0.009391648,-0.050317086,0.012591462,-0.05091091,-0.05971212,0.012782401,-0.001861432,-0.006198001,0.056893587,0.009238988,0.030696783,-0.027430948,0.04629091,0.033033222,-0.09609075,-0.016626144,-0.07074587,0.016064446,-0.04759756,0.008281404,-0.036560014,-0.03554046,0.038128026,0.019223299,-0.028919552,-0.054152627,-0.0810265,0.010857942,-0.029436063,-0.043418143,0.035911877,-0.038457103,0.009727773,0.065427616,0.05512194,-0.028137963,-0.011915765,0.015676798,0.039863292,0.009631647,-0.0371999,-0.050488185,-0.050476562,-0.00757588,0.07300233,0.021018589,-0.07440647,0.010350782,-0.031181004,-0.01945804,-0.03854763,-0.07372118,-0.054600716,-0.01535389,0.009577737,0.041377243,0.019071305,0.031699378,0.012753412,-0.027121535,0.019679269,-0.013266576,0.00627765,-0.010449742,-0.10973708,-0.041030344,-0.024537522,-0.0496201,-0.025499225,-0.006816726,0.053226035,-0.0561226,-0.06475411,0.011976652,-0.07327993,-0.03752169,-0.000628396,-0.005518714,-0.037530325,-0.034829013,-0.020383071,0.015616844,0.084198184,0.05642102,-0.002262706,-0.015555711,0.017070998,-0.02558447,-0.055979185,0.027919745,-0.038243692,-0.042909898,-0.06788815,-0.10736114,0.034816932,0.009640205,-0.06721533,-0.023164492,-0.009897934,0.000198899,-0.016152846,0.008041774,0.026028687,-0.023257378,-0.10148917,0.017354103,-0.03861999,0.05449242,-0.058028042,0.025466463,0.10952804,-0.007890042,-0.11127259,0.006285352,0.02013154,0.006229331,-0.03054685,-0.046550862,0.023968166,-0.023530414,0.04209257,0.028002003,0.042941056,0.00604765,0.01223536,-0.036893874,0.022008432,0.052498303,0.037549563,-0.017232412,0.022278361,-0.03142818,0.060046434,0.015492849,0.03134299,-0.02274975,0.016304571,-0.06700231,0.039118227,0.027070751,0.019297477,0.048198737,0.001820587,-0.043108705,0.004123163,0.03913228,0.036882326,0.04501009,0.021722438,-0.045295056,0.01272803,0.018641656,-0.079285085,-0.007594422,-0.01451059,-0.006161223,-0.08192771,0.06387423,0.055666506,0.10735065,-0.042288475,-0.018060977,-0.06524177,-0.004586755,0.018454377,0.10750915,0.05544175,0.05997046,0.05549836,-0.060348116,-0.04670031,-0.066253416,-0.012908401,-0.01947434,0.038414214,-0.020997286,0.046179965,0.05623905,0.010479118,-0.008064654,-0.08393722,-0.001619012,0.03481197,0.05000036,-0.10018025,0.03454406,-0.058875404,0.025364742,-0.007847907,0.003948622,0.034110583,0.00972206,0.020791855,0.00779313,chihuahua
37,0.006697114,0.07206062,-0.011669727,0.081060044,-0.08535908,0.002289515,0.036595266,-0.03915377,0.043940943,0.06816586,-0.01859218,-0.11763364,-0.007245881,0.058122795,-0.096175596,0.022586023,0.006566058,0.12865666,-0.0370144,-0.02067317,-0.011282975,-0.034426216,-0.012628866,0.012196207,0.012873074,-0.045734048,-0.10158068,0.07461478,0.007384689,-0.049195837,-0.022056961,-0.016867224,-0.032731727,0.001223282,-0.005660044,-0.014927544,-0.008393543,-0.016894735,0.038863085,0.037411213,0.10009215,-0.011939352,0.03313414,0.017332785,-0.02140817,-0.056446064,-0.00804009,0.04310102,0.007769043,0.033998244,-0.020189228,0.04230069,-0.001839515,-0.027882895,0.032136817,0.041353103,-0.004310106,-0.0948815,0.053284716,-0.00657711,-0.05078745,0.08426239,-0.0906237,-0.060373645,-0.028127125,-0.02695631,-0.022698116,0.12025058,-0.053542208,0.054317154,0.06545234,0.026117876,0.059841685,-0.006562153,-0.09430483,-0.08544029,0.05289554,0.061856516,0.017821087,0.101823285,-0.022667384,-0.052956052,0.044624515,-0.012487741,-0.04133748,-0.050744753,-0.11179813,0.074854545,-0.017128058,0.02937249,0.020234123,0.001345505,-0.06237319,-0.08357647,0.027990606,-0.045148797,0.047841866,-0.001015288,0.002086404,-0.011209113,0.01654676,-0.07569278,0.006101691,0.030187473,-0.007340564,-0.06878988,-0.00053301,-0.03976876,0.037039,-0.04919373,-0.06713637,0.000831454,-0.012081867,0.015459171,0.048886683,0.014147398,0.037744574,-0.049222775,0.05790723,0.03819202,-0.087765515,-0.018691506,-0.08132913,0.011813594,-0.043536976,0.002823785,-0.036024448,-0.016174052,0.031887032,0.037949927,-0.003388473,-0.06971809,-0.07717995,0.004269691,-0.027775377,-0.045676384,0.05619971,-0.032061882,0.007550293,0.071454935,0.044171523,-0.023509806,0.003187537,0.016927311,0.034989115,-0.001021675,-0.03138094,-0.026734835,-0.06419231,-0.014451447,0.05885603,0.004773955,-0.09389581,0.004644234,-0.013421516,-0.027135318,-0.051520187,-0.0746264,-0.04019712,-0.013903512,0.011026958,0.055760365,0.007277836,0.06736902,0.015126894,-0.04842516,0.012273597,0.000601142,0.013685489,-0.03004929,-0.13647917,-0.039073493,-0.034725077,-0.033623956,-0.001384552,-0.012416748,0.023676489,-0.064842775,-0.04117641,0.021195121,-0.07594435,-0.048696883,0.022592269,-0.007124246,-0.031665258,-0.023422007,-0.031241158,-0.005742721,0.080783665,0.072097965,-0.016175581,-0.029087428,0.015035518,-0.042301793,-0.06438657,0.005589383,-0.005216285,-0.048061557,-0.08869373,-0.1066393,0.080890134,0.017316427,-0.04774174,-0.035186864,-0.029199878,-0.004846794,-0.02284492,-0.021654364,0.014389457,-0.026501536,-0.0993893,0.00652471,-0.038574766,0.05805673,-0.047096837,0.02641729,0.106204115,-0.012579869,-0.09871493,0.003949361,0.022888113,-0.002913422,-0.03330434,-0.055184655,0.029270172,-0.02046315,0.03194999,0.01158197,0.023996286,0.00463203,0.035947613,-0.037993647,0.04162956,0.051146828,0.046594404,-0.04271432,0.004769138,-0.043240186,0.063267805,0.000510149,0.037502285,-0.017984342,0.006457089,-0.06795459,0.05554382,0.0330827,0.009852207,0.06618421,-0.00981648,-0.043577243,-0.001158035,0.019048074,0.030905375,0.052214645,0.028752273,-0.0737523,0.004268165,0.00799602,-0.07331465,-0.008324191,0.011997676,-0.007634418,-0.07604887,0.086750135,0.04629312,0.11768814,-0.06477003,-0.003570176,-0.044994153,0.001530586,0.012121174,0.11781858,0.051852703,0.06322441,0.07072884,-0.056642532,-0.039723285,-0.061891723,-0.018338654,-0.0209983,0.03297406,-0.01706769,0.051331043,0.04953862,0.006285434,-0.010097706,-0.07105628,-0.002798872,0.042151168,0.055403657,-0.10743942,0.028207313,-0.059809513,0.018031945,-0.024116,0.01716181,0.002760696,-0.003515842,0.036993667,0.009730546,rat
47,0.017102297,0.06637813,-0.00685569,0.08269136,-0.0824565,-0.009320444,0.043739557,-0.030158678,0.03491664,0.063948184,-0.007783847,-0.110813774,-0.024370495,0.04388685,-0.091868185,0.000402672,-0.01222862,0.137917,-0.042009585,-0.028345596,-0.025246108,-0.032486916,-0.03090758,0.005324703,-0.002586116,-0.051227145,-0.10919647,0.07034333,0.02720586,-0.04616239,-0.04260618,0.001023951,-0.026233941,-0.014957033,0.000772952,-0.018900653,-0.01015866,-0.01851899,0.059614204,0.049738344,0.104479946,-0.00918186,0.033202488,0.017298166,-0.015592976,-0.06601671,-0.001236426,0.04420251,0.030546015,0.030668536,-0.026518682,0.032714967,0.002973322,-0.03178806,0.013050227,0.046463765,0.001394348,-0.089209326,0.064912304,-0.014383343,-0.050470777,0.06494887,-0.08896828,-0.094629936,-0.03390374,-0.034080897,-0.002381295,0.11333839,-0.055504657,0.04711078,0.06025841,0.01625178,0.05609101,0.001848007,-0.09480839,-0.07801409,0.054449867,0.053857345,0.02535125,0.08856671,-0.009171568,-0.043327637,0.039595794,-0.013793769,-0.023523372,-0.04457061,-0.09448088,0.06907724,-0.01724803,0.035518207,0.020161761,0.01931599,-0.06398982,-0.07198585,0.029294664,-0.055850435,0.060746353,-0.011025489,-0.001309526,-0.025457868,0.008967945,-0.07344259,0.011492068,0.022659961,-0.004694162,-0.07717095,0.003269389,-0.0322557,0.032829393,-0.043286167,-0.06748583,-0.001725921,-0.016379047,0.026242161,0.045437433,0.012094216,0.041332565,-0.024645645,0.053554974,0.03390024,-0.085645676,-0.010090537,-0.07191769,0.017186303,-0.042682853,0.00204268,-0.03798498,-0.017944371,0.021707617,0.035292972,-0.008157482,-0.07329841,-0.07031848,0.016682541,-0.024959242,-0.043729577,0.039832935,-0.04508818,0.003325791,0.0702918,0.050493218,-0.027532091,0.006693614,0.027875166,0.060664542,0.018217247,-0.019870382,-0.032038327,-0.065412104,-3.43E-05,0.057561673,0.002712757,-0.110454716,0.016557315,-0.021891627,-0.024445008,-0.041981027,-0.068654634,-0.035596803,-0.003992341,0.008884447,0.05422433,0.010240673,0.04572083,0.026905408,-0.02906633,0.010479718,-0.007850697,0.002485577,-0.008490869,-0.13388523,-0.02943562,-0.036062222,-0.04140518,-0.015591668,-0.010552364,0.014626811,-0.05447195,-0.046746753,0.006001555,-0.09133979,-0.05408206,0.013098602,-0.010109337,-0.03239294,-0.031854082,-0.0313097,0.001918692,0.08555557,0.076525286,-0.0129708,-0.037071846,0.017653512,-0.045291603,-0.0749844,0.020773772,-0.003008609,-0.059734166,-0.0682456,-0.10358487,0.09288933,0.008092111,-0.051049165,-0.015576832,-0.030902635,0.012187941,0.002035847,-0.02104732,0.00773804,-0.014324456,-0.100041606,0.006314949,-0.03444264,0.04698383,-0.055143893,0.03346937,0.11482803,-0.018773416,-0.0888727,-0.014056834,0.031685248,-0.002172816,-0.050860662,-0.058609176,0.034609627,-0.02987479,0.04552471,0.032607548,0.02167667,0.015231242,0.040307842,-0.045036703,0.03767816,0.053570576,0.058593947,-0.035100926,0.014385194,-0.041531418,0.060574304,-0.008006847,0.042813186,-0.019023769,0.00315041,-0.074274704,0.03632335,0.03302873,0.017736483,0.061084878,-0.010286264,-0.024835596,-0.003920358,0.024142643,0.032382097,0.055823468,0.03707586,-0.06589455,0.014108305,0.013199581,-0.07536297,-0.010401661,-0.00783,-0.007910354,-0.06700118,0.07993118,0.046815716,0.11840345,-0.060668528,-0.007594645,-0.04292733,-0.010547863,0.026321437,0.10727372,0.047973126,0.07574712,0.07473374,-0.06256853,-0.040217794,-0.06708106,-0.014245145,-0.007013274,0.025811847,-0.012218775,0.0640648,0.045203928,0.002869279,-0.019009238,-0.07350731,-0.002828095,0.045538384,0.057796083,-0.09692434,0.020320876,-0.06093023,0.025892997,-0.015170706,0.01578817,0.032758508,-0.00196632,0.050884474,0.008264137,weasel
30,0.005889553,0.0710855,-0.010792917,0.08356961,-0.08498766,-0.013222185,0.024754524,-0.03324307,0.039927088,0.086646125,-0.00821704,-0.09745245,-0.030903216,0.053097136,-0.10087299,-0.010811576,0.005815801,0.114419125,-0.033975367,-0.031629343,-0.023949305,-0.014474915,-0.04229721,0.01354627,0.009452337,-0.061013807,-0.08164103,0.08814626,0.03497372,-0.056143187,-0.045939602,0.017706634,-0.021408502,-0.017192936,0.009934121,-0.030665334,-0.007787209,-0.024327539,0.06124391,0.044581115,0.09645207,-0.020073937,0.048402987,0.024636324,-0.007761462,-0.065429285,-0.009108936,0.03535741,0.047851212,0.042161852,0.008641616,0.037819643,0.002450984,-0.033763796,0.015571764,0.046159513,-0.015741011,-0.07275339,0.078575924,-0.016955774,-0.061118387,0.06262886,-0.093546025,-0.100185275,-0.022187147,-0.01996403,-0.022536064,0.094703965,-0.04185872,0.047574054,0.04082761,0.00211601,0.06446761,-0.000134373,-0.09070124,-0.09641979,0.049526367,0.042132817,0.01843634,0.07278396,-0.008129403,-0.051760394,0.034882523,-0.015818002,-0.011083061,-0.029944902,-0.09351154,0.037287183,-0.009370419,0.028678298,0.014832358,0.02027743,-0.06286145,-0.05815833,0.015913779,-0.043772627,0.05585744,-0.010022233,0.018690165,-0.020559419,-0.007644126,-0.06313421,0.018984297,0.022812083,-0.012810214,-0.080242604,0.024850061,-0.039044715,0.052127086,-0.039893284,-0.068371534,-0.002652035,-0.017047586,0.017585138,0.036004175,0.022937898,0.04932534,-0.012014805,0.02411828,0.031649005,-0.09334171,-0.004403941,-0.04636724,0.028010312,-0.039440524,-0.017090788,-0.04127483,-0.016630014,0.008782179,0.05196665,-0.005378739,-0.054188926,-0.08294764,0.015628148,-0.02625306,-0.041954823,0.045909964,-0.0547113,-0.011395572,0.06830715,0.044737898,-0.03320106,0.001361122,0.02391022,0.04933618,0.036869563,-0.022417892,0.001750608,-0.052148707,0.004769443,0.064395316,0.011931693,-0.11581679,0.0335307,-0.026817366,-0.02516437,-0.012422235,-0.06527168,-0.028343504,-0.009368772,0.020169873,0.062265832,0.006672333,0.061340142,0.019460019,-0.0327911,0.012427625,-0.012024584,0.010714425,-0.014717984,-0.15099959,-0.029127931,-0.04124155,-0.03695383,-0.021694995,-0.034305334,0.032769095,-0.051402498,-0.05798825,0.012193021,-0.08907576,-0.054113965,0.011335796,-0.030256694,-0.02607001,-0.02889891,-0.01716464,0.000568298,0.088749886,0.052129883,-0.018913422,-0.041949116,0.014318958,-0.039275214,-0.079987094,0.026587402,-0.006798211,-0.04746919,-0.066103674,-0.10877924,0.087060995,0.006801131,-0.051579576,-0.03535658,-0.012565968,0.004413567,0.003824695,-0.015502775,-0.010157164,-0.006925295,-0.08938581,0.023977991,-0.04310274,0.058303904,-0.056764364,0.027154848,0.121198274,-0.011658379,-0.087222055,-0.007066523,0.039487842,0.002191675,-0.030764494,-0.052609134,0.041152645,-0.03211029,0.03120466,0.03499678,0.026059499,0.017033057,0.04007259,-0.035929024,0.03425529,0.023618752,0.05402232,-0.03269098,0.019771572,-0.042203087,0.06589445,0.005885503,0.036792517,-0.014270833,-0.010379998,-0.08983352,0.040754773,0.032659963,0.013758225,0.049859144,-0.01680765,-0.029245013,0.005985257,-0.008416887,0.03922829,0.07471489,0.029937088,-0.0768217,0.027790507,0.000562668,-0.08499764,-0.000891512,-0.006506017,0.001108801,-0.06361164,0.079832956,0.049353737,0.1210384,-0.070169315,-0.000594543,-0.02214743,-0.003947453,0.00487867,0.09737953,0.03387981,0.07206164,0.088645,-0.07203078,-0.044764,-0.05938325,-0.020717785,-0.03089874,0.02440562,-0.01586295,0.07479976,0.058410168,0.010987803,-0.007645803,-0.06989632,0.014853634,0.046837024,0.0654864,-0.08398039,0.00912071,-0.06867926,0.00100732,-0.022870505,0.015367652,0.041075647,-0.011621574,0.057120334,0.011855337,otter
5,0.012063878,0.075474575,0.001266745,0.06805931,-0.058952045,-0.04874766,0.033533383,-0.051632047,0.0496067,0.07903266,-0.003253379,-0.08808677,-0.02429583,0.041812193,-0.071822435,-0.025975872,-0.021167252,0.12023628,-0.030468013,-0.035059676,-0.05236528,-0.015496878,-0.03771944,0.00855376,0.003861114,-0.051978588,-0.11750408,0.08009834,0.034262277,-0.056684077,-0.00807731,0.005872166,-0.015163261,-0.017827982,-0.013952179,-0.009494966,-0.004107949,-0.031346276,0.0583257,0.057564236,0.101425216,-0.033529185,0.040569026,0.00528999,-0.019793494,-0.07625295,-0.019827558,0.0323921,0.05581955,0.025780862,0.001158478,-0.004480769,-0.02024866,-0.025755126,0.011789467,0.051235747,-0.025836498,-0.07464873,0.036699433,-0.034657564,-0.07964717,0.049117096,-0.07210322,-0.11562006,-0.015586223,-0.024489442,-0.002385617,0.10144697,-0.034974538,0.052630734,0.035860814,0.003233822,0.02518461,-0.012588294,-0.094210185,-0.08185224,0.047408417,0.045827277,0.017464712,0.08031456,0.004653632,-0.07668723,0.035035543,-0.010383355,-0.010098396,-0.035111368,-0.10612999,0.06399656,-0.001138683,0.022776904,-0.021011207,0.022514775,-0.054832418,-0.06691136,0.017297193,-0.06550483,0.041086502,-0.027257284,0.017726671,-0.04809185,0.013900707,-0.05163948,0.021331018,0.021910649,0.005708937,-0.072371125,-0.004910174,-0.035771243,0.028369993,-0.035212375,-0.060540657,0.011468019,-0.003838635,0.020774815,0.038266227,0.010364192,0.044388093,-0.03974848,0.047986113,0.038117744,-0.09709646,-0.01098018,-0.08823023,0.018039813,-0.018307688,-0.009751931,-0.023683567,-0.008413257,0.02468447,0.052606653,0.003746782,-0.04138731,-0.07022782,0.008311727,-0.022993792,-0.032070525,0.020107614,-0.04683955,-0.007989421,0.06596719,0.04490141,-0.044076197,0.023198938,0.033553865,0.036070995,0.020542387,-7.47E-05,-0.025474597,-0.045157343,0.024652466,0.05946771,0.006495231,-0.07459018,0.034371495,-0.026628997,-0.002136555,-0.03379335,-0.067042366,-0.03330832,-0.018602984,-0.018266406,0.05992983,0.04125602,0.021596257,0.043711964,-0.018967662,0.01109374,-0.011264955,-0.002456973,0.005888572,-0.14887527,-0.010775229,-0.022314807,-0.058300365,-0.013061357,-0.04621874,0.034561623,-0.03101411,-0.05636365,0.002555086,-0.12307054,-0.06732559,0.018173175,-0.008644694,-0.025921822,-0.032174148,-0.00906198,-0.006958301,0.07138641,0.08236359,0.005412131,-0.052148104,0.029005062,-0.06351657,-0.10530635,0.011079446,0.008207544,-0.018365541,-0.056902267,-0.09240042,0.10641418,0.006792517,-0.023019554,-0.015842594,-0.0191537,0.028233657,0.021368135,-0.016214024,0.003552795,0.013210389,-0.103737675,-0.002974702,-0.03138924,0.039925106,-0.07348623,0.034509875,0.07817262,-0.00580716,-0.07364787,-0.002875025,0.00245185,0.01941246,-0.022039602,-0.047277525,0.052907664,-0.036109753,0.03315348,0.027106334,0.03115007,0.001829691,0.005550501,-0.0608853,0.040346574,0.07166267,0.029137135,-0.02475923,0.004329076,-0.040694814,0.060694803,-0.009272608,0.018477408,-0.01610265,0.003527064,-0.098251775,0.035091378,0.01351082,0.03149936,0.0369244,-0.014464602,0.008211473,0.021277387,0.020233307,0.004186567,0.048436306,0.05372843,-0.06784007,0.015476791,0.008641259,-0.074935496,-0.008732516,-0.010241049,-0.012652944,-0.05718998,0.08382107,0.07069809,0.10159384,-0.06298785,-0.01442224,-0.016531952,0.008472024,0.002557268,0.08368157,0.030822834,0.0321908,0.05642692,-0.06962336,-0.043989804,-0.07377641,-0.022797387,-0.010481887,0.037978347,-0.023836164,0.067152515,0.029924642,-0.023711912,-0.025654519,-0.0721857,0.020881511,0.050123416,0.039222635,-0.087180674,-0.012985664,-0.064807616,0.034492295,-0.004535221,0.032260023,0.012604919,-0.002958769,0.07217827,0.008333983,buffalo
49,0.023530085,0.074697584,-0.015280379,0.06478917,-0.07073332,-0.03971547,0.027610129,-0.049914617,0.016902655,0.058714814,0.011779847,-0.10178147,-0.02671476,0.064531125,-0.10073954,-0.005003789,-0.013957815,0.12090404,-0.031636246,-0.035496347,-0.014831324,-0.011170657,-0.04638519,0.011812256,0.019593682,-0.06042998,-0.09919639,0.07276404,0.027736664,-0.055470802,-0.02216217,-0.013535282,-0.027729597,-0.026725963,-0.006997199,-0.005949318,-0.019098787,-0.030030657,0.06202904,0.036839582,0.09931277,-0.013047037,0.045374468,0.014671882,-0.016177969,-0.07082658,-0.015994687,0.012710673,0.027289677,0.04046278,-0.008933755,0.019315308,-0.013431338,-0.0374339,0.005317537,0.054812074,-0.02695183,-0.06344384,0.049386222,-0.01547921,-0.065721184,0.042785052,-0.07221273,-0.109172605,-0.033900764,-0.006953552,-0.011094548,0.10299994,-0.03392671,0.055787526,0.04506297,0.019504491,0.049235158,-0.017257225,-0.090980574,-0.076781735,0.054044772,0.04957573,0.012999239,0.0918725,-0.004307424,-0.0502271,0.042414818,-0.002664473,-0.01401782,-0.04553598,-0.09702875,0.05566997,-0.027546808,0.02066005,0.009926484,0.022100601,-0.058407925,-0.07250477,0.031080341,-0.06274431,0.04742897,-0.023438916,0.014131704,-0.024540205,0.017646998,-0.07243525,0.029784825,0.024377173,-0.000288767,-0.0667343,0.004469257,-0.030718455,0.017092366,-0.057749182,-0.08497062,0.006030485,-0.007375781,0.010457223,0.04985327,0.002566404,0.03949726,-0.025500933,0.029385697,0.033492275,-0.08865766,-0.006077537,-0.08596261,0.010146005,-0.031132221,0.002808349,-0.04854665,-0.02041381,0.04237189,0.047982283,0.00021999,-0.056978006,-0.07416021,0.006632776,-0.01763269,-0.046342723,0.022288173,-0.03620796,0.009062653,0.07355355,0.06111864,-0.030569812,0.02155782,0.03935107,0.04352047,0.041512314,-0.00438234,-0.023830786,-0.055934142,0.011800464,0.047866065,0.04574334,-0.090404555,0.024363402,-0.023596963,-0.021212915,-0.041048326,-0.076291546,-0.03332396,-0.032105982,-0.00588769,0.064752504,0.022134949,0.043623116,0.006754018,-0.014286341,0.015581238,-0.03631345,0.003310438,0.000924058,-0.13963482,-0.014162089,-0.031620547,-0.036977887,-0.012641895,-0.01683629,0.033547793,-0.054762773,-0.041247044,-0.006301076,-0.10022471,-0.05319475,0.0161774,-0.007907609,-0.034791965,-0.027047526,-0.013444634,-0.00386089,0.07549171,0.07096818,-0.014529027,-0.056778945,0.019731393,-0.046815537,-0.083800614,0.016588341,-0.006357074,-0.036691733,-0.078465655,-0.11077571,0.10294421,-0.008446857,-0.029253047,-0.030631414,-0.013420744,0.008330551,0.020745378,-0.012949258,0.003894765,-0.011887106,-0.10015055,0.004651201,-0.02827782,0.04397635,-0.038395654,0.021771265,0.08533849,-0.026787374,-0.096360646,-0.004155909,0.021629725,0.008849193,-0.03438023,-0.03367441,0.046056945,-0.011225219,0.048979066,0.044535838,0.042980786,0.012732904,0.01597749,-0.06947586,0.057777256,0.05204937,0.047855143,-0.04001884,0.004549855,-0.043511346,0.05096969,-0.008189548,0.02298908,-0.03272107,0.00215878,-0.07980646,0.035025127,0.03277593,0.014156374,0.048086815,-0.01755865,-0.01770941,0.020503014,0.03567987,0.026623314,0.049526785,0.02953587,-0.08947406,0.008588301,0.021657843,-0.07480355,0.006288398,-0.017109215,-0.002644746,-0.0414271,0.09810895,0.071890354,0.109853886,-0.053788215,0.001198681,-0.056990348,0.006981765,0.015014812,0.08493449,0.008511944,0.06131226,0.07311813,-0.06367215,-0.04040301,-0.08076396,-0.009172715,-0.004021618,0.024860071,-0.027901143,0.05583779,0.041569076,-0.01072604,-0.022634575,-0.05033189,0.004015996,0.04576852,0.040151738,-0.09100235,0.013822382,-0.07033965,0.018122064,-0.008006284,0.035041638,0.020102384,-0.024794744,0.052483507,0.00870384,zebra
16,0.022143463,0.08784318,-0.011592384,0.104341075,-0.06541717,-0.019173592,0.059642635,-0.052840035,0.03754192,0.0637718,0.000729795,-0.09416025,-0.023405265,0.047497533,-0.110921,-0.014299338,-0.022901844,0.10601451,-0.04925227,-0.027114734,-0.022146668,-0.019151088,-0.032850664,0.012253874,0.000641291,-0.07360092,-0.10871501,0.07919489,0.032719757,-0.057242703,-0.001115056,-0.020271674,-0.033774186,0.008773553,-0.001542865,-0.049051967,-0.050842345,-0.016399043,0.05113706,0.035462,0.08512347,-0.019817233,0.052366756,0.019976724,-0.001099004,-0.06613194,0.007431207,0.041498132,0.044123914,0.052420985,-0.01224446,0.024723042,-0.002262819,-0.0187042,0.012308614,0.05318011,-0.03672481,-0.101358674,0.07847065,-0.0341833,-0.05940991,0.05834239,-0.07865973,-0.1072312,-0.02199005,-0.028319234,-0.019807179,0.080009796,-0.038271684,0.055806987,0.053505253,0.024382878,0.029045263,-0.002476007,-0.08877958,-0.07278641,0.056238692,0.049272504,0.01101183,0.09855915,-0.005123038,-0.06451108,0.036040664,-0.005842743,-0.027436689,-0.05520349,-0.0913229,0.05832051,0.004425428,0.030908618,0.015462853,0.020554397,-0.06447892,-0.06510656,0.013364337,-0.046487182,0.047171317,-0.006948147,0.008783291,-0.03629332,0.008221484,-0.07166949,0.010205652,0.022208352,0.007283594,-0.07617018,0.005401675,-0.053688295,0.036584206,-0.05844908,-0.08545064,0.005571011,-0.00956326,0.025286887,0.037045963,0.022341225,0.04336707,-0.045667082,0.02860958,0.04415018,-0.07917419,-0.00870167,-0.06506412,0.033039737,-0.03836713,0.020309407,-0.023118693,-0.013051582,0.02816236,0.057983793,0.002385574,-0.044395216,-0.0738535,0.008469109,-0.03256826,-0.042780988,0.01777093,-0.03256733,-0.020056402,0.056873757,0.07344268,-0.03204443,0.02658869,0.025288383,0.046415575,0.046393134,-0.003194672,-0.004778105,-0.06514151,-0.003107492,0.07117558,0.01169402,-0.086195,0.03875149,-0.024639945,-0.03651463,-0.045732126,-0.07056491,-0.021476239,-0.027074788,-0.015646763,0.052573673,0.037924003,0.06850551,0.014987201,-0.04718876,0.021717219,-0.01234563,-0.014997432,-0.024403512,-0.13085145,-0.02659379,-0.013537106,-0.01814499,0.006814693,-0.011341008,0.048636384,-0.022778312,-0.031539958,-0.014700967,-0.10122037,-0.061662026,0.025915587,-0.01890341,-0.02333162,-0.026036367,-0.038374476,0.005198284,0.07383533,0.06753421,-0.020636458,-0.049235027,0.014383631,-0.05092957,-0.09141533,0.021723332,0.000260341,-0.050481357,-0.09817208,-0.11057472,0.056899942,0.002571776,-0.046754308,-0.007470566,-0.010285145,-0.012106044,0.01715276,-0.036599115,-0.004174466,-0.008092788,-0.13210063,0.025153395,-0.02334975,0.058071602,-0.041753434,0.029411748,0.099974856,-0.015658213,-0.083982155,0.006717817,0.024833769,0.020447487,-0.053028844,-0.03127318,0.036678948,-0.008909836,0.015627578,0.031965144,0.035663523,0.022780355,0.02032886,-0.046308085,0.043959163,0.045405753,0.05466191,-0.021683376,-0.004646686,-0.031180074,0.056595992,-0.019308276,0.030997317,-0.024484538,-0.001490561,-0.09789469,0.04340724,0.017191056,0.008389264,0.064220645,-0.022441,-0.027039519,0.006992729,0.014634823,0.039225586,0.050450243,0.017441291,-0.076008365,-0.000724666,0.002480253,-0.09042449,0.009786648,-0.023067432,0.003936232,-0.044419795,0.08570732,0.067842856,0.11802679,-0.06663788,-0.01142349,-0.03792405,-0.003540337,-0.003877339,0.10427276,0.040373877,0.059222467,0.07900621,-0.06849094,-0.04477373,-0.07250777,-0.040291436,-0.026604956,0.046545558,-0.025017047,0.05882717,0.026024034,0.010142503,-0.034608144,-0.06987753,0.01265919,0.037307482,0.05595944,-0.102946796,0.015537503,-0.05502393,0.003578469,-0.011005653,0.02615656,0.010977088,-0.003126283,0.05626788,0.030024994,giant+panda
11,0.028456872,0.063753314,-0.018856978,0.062280793,-0.083629206,-0.02101264,0.02880913,-0.0420162,0.046128012,0.06889783,-0.010359926,-0.095954545,-0.011928417,0.053124703,-0.08737028,-0.007914916,-0.019036567,0.12761159,-0.022574715,-0.048836082,-0.054201722,-0.03328835,-0.045905825,0.02781398,0.01106927,-0.054674275,-0.11253955,0.07346209,0.027022516,-0.0323992,-0.02823824,-0.003974172,-0.011930397,-0.023564404,-0.011292401,-0.021881204,-0.01920628,-0.036439896,0.06488574,0.04415939,0.114823535,-0.006002269,0.035370685,0.007529046,-0.023165394,-0.07963036,-0.003278072,0.035360128,0.035712563,0.030958885,-0.017938754,0.003422509,-0.021330845,-0.01614213,0.02537542,0.03159791,-0.02299404,-0.074684694,0.055217456,-0.015432623,-0.06332368,0.058356922,-0.07500346,-0.10590458,-0.017034417,-0.01601021,0.003671972,0.110856496,-0.051612813,0.036353182,0.04529258,0.016669732,0.052557807,-0.002043176,-0.084555514,-0.08276738,0.04270688,0.05044263,0.01732168,0.09829871,-0.002290952,-0.064117536,0.053518243,-0.007335039,-0.020795131,-0.039024293,-0.097890005,0.07142839,-0.019580852,0.020268966,0.015822064,0.03808403,-0.05018301,-0.07383008,0.018060733,-0.07005677,0.06463003,-0.030748095,0.008070161,-0.031599827,0.026563153,-0.096727476,0.0144803,0.017311322,0.006319923,-0.077619106,-0.012819846,-0.031100517,0.029553879,-0.037319593,-0.07836671,-0.007553961,-0.001670235,0.006234414,0.050640237,0.003572186,0.049185507,-0.03592251,0.04525783,0.044129606,-0.09078308,0.017914161,-0.06708634,0.013955833,-0.028456897,-0.003603082,-0.0313804,-0.007263563,0.015818035,0.06574121,-0.003944808,-0.084774956,-0.070767626,-0.007377815,-0.024151534,-0.053892653,0.029869061,-0.054301064,0.001355452,0.07986769,0.05339854,-0.026992474,0.012681318,0.047103588,0.052081693,0.018618936,-0.007054208,-0.02573443,-0.05826925,0.004726083,0.060278982,0.027703693,-0.09287942,0.018079307,-0.015010366,-0.021250622,-0.030933702,-0.062925115,-0.03742824,-0.017736983,-0.007015969,0.057201795,0.025336768,0.04225264,0.01818515,-0.024630748,0.010659635,-0.005006449,0.00379937,-0.004692155,-0.15269816,-0.025372649,-0.042699367,-0.059291057,-0.02626809,-0.01909184,0.041694593,-0.043768004,-0.035945855,-0.011171894,-0.102140665,-0.056243084,0.027994636,0.004545402,-0.029880727,-0.024263857,-0.03978576,0.001427051,0.074067354,0.07027938,0.002545751,-0.05585863,0.014406065,-0.0452813,-0.07599301,0.022805944,0.018259302,-0.030573148,-0.0650409,-0.107556865,0.096030265,0.004629936,-0.035428967,-0.013225278,-0.026107764,-0.00417172,0.015200459,-0.016644446,0.015952136,-0.01135969,-0.09293142,0.006827316,-0.031114146,0.029696506,-0.067162804,0.038711812,0.09804904,-0.018642206,-0.07533319,0.005382574,0.017796157,-0.003321692,-0.03374866,-0.048087604,0.055357672,-0.029814234,0.038517173,0.030505832,0.028240632,0.022532353,0.028355489,-0.061344646,0.049394503,0.060982086,0.053007632,-0.03612838,0.004928538,-0.054477762,0.046188675,0.016041731,0.025393838,-0.024438787,0.003885336,-0.101743385,0.019307572,0.020849356,0.01636628,0.047784306,0.000117878,-0.010801104,0.014741764,0.01116976,0.026826149,0.04301449,0.03361799,-0.057233077,0.019714592,0.010939872,-0.0714245,0.000228558,-0.011962422,-0.027420962,-0.054916143,0.06927601,0.054331858,0.12837598,-0.07120688,0.004219794,-0.050772656,-0.001063224,0.024586562,0.09550293,0.03946934,0.06677162,0.06213811,-0.07063653,-0.03255534,-0.06082952,-0.0329574,-0.015206794,0.02235441,-0.014555998,0.06684771,0.036910154,-0.003012924,-0.016702998,-0.05981771,0.002465994,0.029793486,0.059073277,-0.086601645,0.005042007,-0.056568123,0.016302403,-0.016340684,0.020686328,0.008132739,-0.027027255,0.05388124,0.019398373,deer
4,0.034230124,0.06740172,-0.00346165,0.09038306,-0.080867246,-0.02181382,0.04960668,-0.052394927,0.049537197,0.06644424,-0.013125725,-0.107205704,-0.020479219,0.04366328,-0.09928681,0.002983426,0.007118872,0.12155012,-0.027453598,-0.03431434,-0.018868482,-0.018888144,-0.030617356,-0.003447842,0.021208398,-0.04871208,-0.09743297,0.07665626,0.03345526,-0.049722187,-0.027399803,0.001006614,-0.03120039,-0.025332198,-0.011407999,-0.01787276,-0.018942667,-0.02543008,0.047154687,0.042206924,0.08314528,-0.041229278,0.051701747,0.00673106,-0.001225691,-0.047623593,-0.021288408,0.032922506,0.0364654,0.035740364,-0.012048706,0.03759526,-0.005861882,-0.018754188,0.025898224,0.05287584,-0.0164267,-0.077523254,0.066046625,-0.010201124,-0.055569567,0.054925583,-0.06757058,-0.09004547,-0.023269232,-0.014815776,-0.015046233,0.10536809,-0.044559933,0.05072872,0.0678788,0.016340185,0.05906374,0.00345624,-0.099538855,-0.072021864,0.059230357,0.05359595,0.028372318,0.09537597,0.004264002,-0.04799062,0.038868695,-0.006368026,-0.030036693,-0.036901675,-0.09026034,0.050784428,-0.007263544,0.042209633,0.002113242,0.016784271,-0.057681005,-0.07264093,0.003993676,-0.053619277,0.06214439,-0.012455551,-0.007524642,-0.030075362,-0.007697012,-0.079451874,0.02205253,0.012330296,-0.007336258,-0.072136365,0.008588128,-0.04547258,0.01960219,-0.05945321,-0.060762722,-0.002765925,-0.004825093,0.002556715,0.03976554,0.00675001,0.03942471,-0.015140888,0.037999995,0.031145513,-0.09451493,-0.007112077,-0.06708837,0.019373823,-0.037595157,0.013870795,-0.03637692,-0.017327303,0.029653553,0.038196914,-0.010361008,-0.05478356,-0.07515474,-0.007240711,-0.022181246,-0.04206095,0.025639674,-0.03446617,-0.01140801,0.07025318,0.06130191,-0.03056832,-0.008026026,0.032998066,0.050343525,0.029184014,-0.024006281,-0.037008792,-0.053468563,0.007934828,0.069543496,0.020244608,-0.08986138,0.025731068,-0.020144189,-0.013993794,-0.046961028,-0.06644547,-0.043880958,-0.008772193,-8.91E-05,0.05504427,0.020732433,0.032520577,0.007772503,-0.036239944,0.01491907,-0.023112461,-0.004013053,-0.004860157,-0.1299505,-0.01494575,-0.0417623,-0.04667529,-0.020871514,-0.012081911,0.035898544,-0.05514852,-0.03895957,-0.003294358,-0.09390162,-0.039664645,0.013889069,-0.01051337,-0.03903133,-0.026433114,-0.024699857,0.012160679,0.09539766,0.06518981,0.007113323,-0.04528321,0.02143771,-0.034340866,-0.07795708,0.032145996,-0.02286049,-0.040759355,-0.06460161,-0.10049862,0.06500632,0.00118753,-0.051301904,-0.009244501,0.005098808,0.006795677,0.005723022,-0.013175912,0.015982661,-0.018882934,-0.10096321,0.020323828,-0.045165777,0.04569862,-0.06373884,0.013235748,0.08711282,-0.01510313,-0.10160367,0.001919734,0.02200516,0.010973176,-0.03888916,-0.041551042,0.02935102,-0.021932637,0.033958565,0.030752938,0.038456935,0.01745445,0.022745417,-0.058603793,0.03340581,0.0505491,0.051425338,-0.008580705,0.011755634,-0.036015563,0.05340474,0.005526124,0.033556674,-0.021281485,0.003713652,-0.08180568,0.03489142,0.014318407,0.010660295,0.05260845,-0.014450016,-0.026176184,0.01629377,0.017148292,0.02010442,0.053234827,0.030135155,-0.07169328,0.012308909,0.02705194,-0.07296589,-0.003595329,-0.01958574,0.002889682,-0.073334284,0.07990159,0.059497308,0.1249027,-0.045180883,-0.009681732,-0.04760746,-0.015592797,0.020170644,0.10706271,0.054475673,0.052264977,0.06920052,-0.058413398,-0.047694914,-0.061813813,-0.031039696,-0.009039205,0.041861936,-0.01966074,0.03893592,0.041166518,0.011793556,-0.00912776,-0.07123934,0.002270671,0.033418544,0.048286505,-0.08458185,0.02709378,-0.0681522,0.014153937,-0.019553797,0.015667774,0.028790023,-0.006729944,0.020712404,0.011282353,bobcat
33,0.011906843,0.049013607,0.000594317,0.09259633,-0.089948,-0.000976505,0.039529562,-0.037094507,0.05115847,0.06905546,-0.01105038,-0.11126846,-0.023371423,0.05086126,-0.10196444,0.02223955,-0.00636136,0.14056572,-0.044186566,-0.032775015,-0.031151017,-0.02869079,-0.015673006,0.002265781,0.015112842,-0.043426126,-0.094032764,0.079421476,0.022882871,-0.04136408,-0.044030827,-0.001134758,-0.025837392,-0.006833696,0.002238933,0.004242483,-0.006841808,-0.013094796,0.05112022,0.037436955,0.11238408,-0.018333226,0.036374472,0.014645821,-0.018670293,-0.056520604,-0.028168052,0.03353522,0.017283376,0.035114247,-0.016267002,0.03653262,-0.013613249,-0.005860925,0.015604016,0.055176936,-0.015067825,-0.074910164,0.06175791,-0.016957939,-0.054136895,0.05689026,-0.091410294,-0.0843975,-0.017295932,-0.027133938,-0.026420245,0.11307154,-0.038972132,0.05172645,0.053536933,0.015716448,0.05682047,0.00513097,-0.08336598,-0.08639669,0.06036228,0.04632886,0.020167883,0.10390659,-0.006866347,-0.05175628,0.04784764,-0.003960879,-0.015634617,-0.059552222,-0.10125661,0.066930935,-0.006906218,0.019040588,0.011520323,0.018978389,-0.05179382,-0.08832897,0.02044334,-0.047426034,0.05952801,0.011969556,0.015430234,-0.024466163,0.006558283,-0.07815119,0.004028801,0.020158978,-0.00719412,-0.066360794,0.001830543,-0.041603513,0.041221492,-0.050057698,-0.0553985,-0.001045859,0.000327386,0.010712157,0.0508349,0.012238495,0.036747076,-0.034532238,0.045469355,0.032064367,-0.07775674,-0.011658603,-0.058505226,4.6283658e-05,-0.041447535,-0.006569124,-0.04186114,-0.023961779,0.033174478,0.042895976,-0.017785523,-0.07042022,-0.067716025,0.010277537,-0.027479362,-0.039683342,0.06218683,-0.031256475,0.007015654,0.059435904,0.048442796,-0.025524873,0.011846871,0.010482219,0.041695677,0.002381997,-0.027089208,-0.03633561,-0.06540223,0.009048567,0.048770368,0.00400228,-0.071287915,0.013376223,-0.023076896,-0.018628633,-0.06432431,-0.07386407,-0.029589672,-0.02530818,-0.000949789,0.055657417,0.006885689,0.05076281,0.026001979,-0.03086381,0.005543622,-0.01453919,0.00849041,-0.018132037,-0.1486592,-0.039695017,-0.014901245,-0.054088116,-0.00489762,-0.027002465,0.027225459,-0.061947383,-0.043365203,0.016411915,-0.080567434,-0.04828019,0.012185489,0.007452035,-0.017290244,-0.042985182,-0.03274015,-0.004890232,0.060619693,0.076971166,-0.004536665,-0.020025786,0.027229529,-0.05234291,-0.07167159,0.02031522,-0.018077267,-0.049222197,-0.07864059,-0.097632706,0.07299129,0.008688953,-0.039260626,-0.024961097,-0.026933651,-0.008520888,-0.013402084,-0.011787581,0.012109089,-0.023785852,-0.075651646,0.017540291,-0.026964214,0.050252687,-0.044101547,0.023548504,0.09417358,-0.00893843,-0.08112557,0.003864831,0.005224584,0.005058622,-0.03696448,-0.05068072,0.046240516,-0.019272652,0.04356219,0.039072614,0.032788344,0.002897562,0.034529753,-0.05998076,0.03502874,0.067241624,0.043037716,-0.03987496,0.007032073,-0.028697353,0.045302846,0.000322353,0.02740642,0.00681579,0.001665161,-0.062901005,0.03397035,0.025195707,0.00689705,0.06445493,-0.025710413,-0.020562561,-0.001318499,0.024663925,0.04580999,0.052239858,0.032182384,-0.08018632,0.017448533,0.02888233,-0.06951083,-0.012541318,0.008372899,0.005296022,-0.07801694,0.094275095,0.051988583,0.10002432,-0.07000619,-0.01930431,-0.035659947,0.003861411,0.020893704,0.112491444,0.059335113,0.06079931,0.059408378,-0.054759342,-0.04483007,-0.07382581,-0.03623997,-0.008304399,0.023586208,-0.022949077,0.060729813,0.036907114,-0.00030684,-0.005588647,-0.07015792,0.020869555,0.03964556,0.04991635,-0.096269,0.01808684,-0.051341463,0.025114998,-0.029793998,0.019956136,0.018935239,-0.024600562,0.04665264,0.013066089,pig
26,0.022611601,0.062019486,-0.010326386,0.06589997,-0.062647924,-0.032655057,0.023835326,-0.05776446,0.047858514,0.071409434,-0.010032806,-0.09177444,-0.020852204,0.067270674,-0.10228,-0.009048032,-0.007019577,0.107249305,-0.030134767,-0.03638194,-0.0382879,-0.02719162,-0.047032274,0.003259016,0.02491947,-0.04519505,-0.1077132,0.084257826,0.033913888,-0.033476133,-0.008176141,-0.016732616,-0.030451108,0.000258737,-0.006161264,-0.007301882,-0.030915756,-0.015226519,0.068321005,0.04144023,0.10304739,-0.03374067,0.04568791,0.020826612,-0.008137254,-0.0622163,-0.007201021,0.01990098,0.0388115,0.027104821,-0.003651008,0.033166487,-0.018647436,-0.02031547,0.004465337,0.047281377,-0.021512007,-0.06737431,0.056051336,-0.011449701,-0.073165365,0.054757793,-0.08180906,-0.10466625,-0.01510672,-0.030345753,-0.011331805,0.09902097,-0.046688404,0.051094998,0.042776372,0.019735865,0.058186926,0.007284791,-0.07393478,-0.08390664,0.0380176,0.049150903,0.026890546,0.093887284,0.006799475,-0.07548442,0.03436526,0.00191838,-0.03955961,-0.0604166,-0.10426507,0.03732491,-0.009555656,0.024789399,0.026162088,0.015382439,-0.053664964,-0.08062287,0.01940059,-0.055796422,0.044223644,-0.015975365,0.003564599,-0.0225188,0.015928619,-0.072834715,0.011250905,0.009849733,0.001691892,-0.08835323,0.008117882,-0.03802038,0.03840524,-0.052843142,-0.055854626,0.005441538,0.005360427,0.01973671,0.055375952,0.009996012,0.048245482,-0.035488684,0.042858034,0.035997085,-0.08335151,-0.010749774,-0.071013734,0.008266128,-0.049091034,0.006143013,-0.031664006,-0.022427283,0.023359092,0.05194073,0.011797632,-0.06394367,-0.08034341,0.007476545,-0.0394565,-0.05018009,0.02994839,-0.041909385,-0.007379733,0.05889704,0.056762535,-0.046394516,0.024854954,0.037503514,0.032697823,0.012560392,-0.01957544,-0.030148264,-0.047274746,0.003836677,0.05087046,0.035646718,-0.08811386,0.027904158,-0.018567663,-0.012666509,-0.04317193,-0.06301208,-0.022028625,-0.033123933,0.013648458,0.05544173,0.020052101,0.028695619,0.008738423,-0.023663748,0.02464173,-0.013243938,-0.003880621,0.00209309,-0.14959207,-0.037770286,-0.024175419,-0.052872933,-0.014319268,-0.028602744,0.041124113,-0.046322588,-0.040184308,-0.012264514,-0.092260405,-0.0589589,0.017188078,-0.010885253,-0.035163905,-0.030202698,-0.009300326,0.009345366,0.09017463,0.0749304,-0.003911325,-0.035279963,0.017324608,-0.030691471,-0.09395309,0.025575224,-0.000324429,-0.020303976,-0.05863849,-0.086029746,0.08765206,0.015135733,-0.01898186,-0.031205634,-0.016883923,0.013819995,0.016099354,-0.013640967,0.018787306,-0.018453322,-0.088234745,0.005036942,-0.033053838,0.030059418,-0.057445236,0.02264845,0.091310576,-0.015579534,-0.089861855,0.000623082,0.005133385,-0.008507834,-0.040079445,-0.042919435,0.041844122,-0.015268371,0.05096822,0.03403776,0.049130518,0.010575893,0.011711976,-0.077932365,0.035753064,0.05900842,0.056342013,-0.02324454,0.022613037,-0.048747085,0.044298418,-0.006869036,0.02390866,-0.013723316,0.0051249,-0.094698414,0.024888536,0.012809822,0.026806716,0.054260064,-0.024892654,0.001774378,0.0299373,0.03260587,0.015176359,0.042609703,0.028263668,-0.05188935,0.018604266,0.009272667,-0.069356225,-0.002921452,-0.021004286,-0.008358109,-0.045730423,0.08712611,0.059363257,0.12736498,-0.060277827,0.017645022,-0.036841888,0.008344241,0.011530101,0.09390678,0.0435765,0.05731223,0.08201122,-0.06976774,-0.04241384,-0.07900233,-0.038875725,-0.019080097,0.02323104,-0.028966114,0.03898362,0.034887344,0.001729071,-0.007345574,-0.056473665,0.01067224,0.046266552,0.026654417,-0.06377269,0.000430906,-0.065932505,0.011088571,-0.030268546,0.024238389,0.020074405,-0.032908443,0.04036424,0.015658742,lion
29,0.019366637,0.066781804,-0.017661009,0.075065814,-0.07803837,-0.009768637,0.029956404,-0.039989077,0.045064136,0.07638819,-0.020568784,-0.10692593,-0.003151442,0.046884637,-0.09852198,0.001697057,-0.006892788,0.14307755,-0.038034618,-0.027355889,-0.030846158,-0.031965334,-0.04116623,0.014637088,-0.001531617,-0.056935005,-0.10115603,0.06287547,0.009543528,-0.043146934,-0.03159507,-0.011962811,-0.018108753,-0.011714115,-0.019797346,-0.017416155,-0.02068154,-0.022393283,0.045881785,0.0408551,0.10140006,-0.000311247,0.034086354,0.024144623,-0.018584732,-0.06896638,-0.005518773,0.02818301,0.02675208,0.03237499,-0.022489646,0.01733936,-0.000930077,-0.03890745,0.015610164,0.038123157,-0.012688337,-0.08570224,0.06353983,-0.000574612,-0.05815397,0.072896294,-0.087173685,-0.082281016,-0.036731284,-0.03370389,0.001319957,0.117348,-0.053705506,0.050065137,0.053904224,0.004823017,0.053310085,-0.01258265,-0.09879775,-0.08200969,0.04466861,0.050236046,0.011955361,0.08006761,-0.017852522,-0.036493387,0.046874657,-0.000879117,-0.027692592,-0.045361843,-0.095243044,0.06963416,-0.015659902,0.03955873,0.01818051,0.007889951,-0.07324549,-0.07608448,0.021480422,-0.045742758,0.04884148,-0.034437634,-0.006908611,-0.016538877,0.027852226,-0.07654582,0.015457137,0.020151252,-9.99E-05,-0.06900885,-0.005335584,-0.025360372,0.040517956,-0.05407726,-0.069208845,-0.007878539,-0.008988264,0.014359047,0.0527076,0.015282674,0.036746033,-0.032927096,0.054330636,0.029615209,-0.087079,-0.012086215,-0.07313781,0.016615277,-0.02623121,0.016925432,-0.039108478,-0.004054705,0.024307987,0.05729956,0.007464196,-0.072620094,-0.065006636,0.013482682,-0.023156581,-0.043557793,0.048653085,-0.048291463,0.003404665,0.07061916,0.040424053,-0.020733396,-0.007582913,0.028187793,0.054686237,0.014137435,-0.013055076,-0.02330385,-0.07208334,-0.001015374,0.050949372,-0.005600062,-0.09653654,0.022970391,-0.013621102,-0.022698343,-0.046837278,-0.056349475,-0.044918276,-0.014128377,0.004235797,0.05773943,0.016163912,0.040493317,0.013168288,-0.03548854,0.016173456,-0.005814654,0.004594313,-0.023532132,-0.14061312,-0.033075474,-0.04445187,-0.051922046,-0.003417216,-0.024232749,0.013092038,-0.07134621,-0.04264266,0.012227476,-0.083061025,-0.046738494,0.020184983,-0.014322239,-0.021958012,-0.02202275,-0.028890882,-0.006686691,0.08076278,0.07340079,-0.008427234,-0.051645685,0.010779611,-0.043239087,-0.07733025,0.021970015,0.004331472,-0.05507908,-0.06701942,-0.10923804,0.094156474,0.01663049,-0.04346338,-0.029399265,-0.015835777,0.004603378,0.000207584,-0.023712385,0.007260503,-0.013655564,-0.08831251,0.001649549,-0.04234588,0.04988438,-0.03516785,0.025288042,0.10881021,-0.01739056,-0.08777,0.005826231,0.025938705,-0.000793256,-0.045405228,-0.0524968,0.02658451,-0.026451726,0.032621346,0.028978819,0.024458548,0.007294773,0.032389116,-0.04508378,0.05354836,0.048419103,0.04153996,-0.054249384,0.001946688,-0.04586596,0.059870474,0.006026301,0.029017955,-0.016613457,0.00185974,-0.07390375,0.05442475,0.021332208,0.016297916,0.06517415,-0.004692661,-0.022457954,0.012772935,0.008206336,0.016964125,0.04868577,0.032077633,-0.082633875,0.006713819,0.008611256,-0.07676294,-0.015371643,0.005731101,-0.011559965,-0.06634207,0.078349955,0.05062749,0.1259365,-0.065252334,-0.014881173,-0.0467689,0.003910019,0.011738974,0.10258691,0.039159127,0.05473448,0.070988044,-0.056036793,-0.050418098,-0.06650461,-0.010350367,-0.028246805,0.026960548,-0.004234017,0.05201506,0.040889367,0.006062006,-0.025072116,-0.06726543,0.007062575,0.03369229,0.062466137,-0.10374038,0.01523146,-0.05870769,0.021356326,-0.014798358,0.014159208,-0.001787841,-0.004279868,0.04333426,0.017201852,mouse
34,-0.001900194,0.070982896,-0.019033665,0.06322487,-0.07131551,-0.007995551,0.03857957,-0.06068959,0.04951338,0.07877049,-0.012030292,-0.07525559,-0.015333047,0.03934779,-0.09218954,-0.001610546,-0.028242042,0.10187713,-0.0352822,-0.057926863,-0.028080445,0.009698832,-0.040228628,-0.000831344,0.042049948,-0.0697801,-0.10220443,0.09018723,0.04912065,-0.06324296,-0.003021124,0.014280958,-0.023430875,0.005403424,-0.006352249,-0.031565905,-0.035621762,-0.003889263,0.061063576,0.04200557,0.10347148,-0.031984057,0.06416578,0.007778845,-0.021869995,-0.066409394,0.009829204,0.050573558,0.039261214,0.0338974,0.011197603,0.022237664,-0.019598553,-0.016648658,0.004287335,0.033278804,-0.02231641,-0.09166315,0.06513378,-0.043484736,-0.07447648,0.055774074,-0.063739955,-0.11272212,-0.001602876,-0.034438025,-0.012304565,0.098617606,-0.04544073,0.04252604,0.035048425,-0.009987945,0.06475289,-0.01614648,-0.096303605,-0.091888264,0.07862788,0.054817062,0.001869446,0.07502983,0.016389037,-0.057526648,0.031102356,-0.038026903,-0.020139487,-0.023584217,-0.09578615,0.045915864,-0.011414187,0.07895233,0.00428318,0.011654126,-0.04723125,-0.052411504,0.007864517,-0.04432419,0.06542937,-0.007416983,0.057536226,-0.035746995,-0.011347973,-0.08687256,0.007161428,0.013540399,-0.004692555,-0.078176126,0.004901141,-0.023147248,0.02201501,-0.026381979,-0.0732017,-0.004133222,-0.00528123,0.008220414,0.0362983,0.0210503,0.050946634,-0.012062544,0.009755378,0.032942515,-0.11165985,-0.004336988,-0.06273432,0.027739327,-0.034299143,-0.024440292,-0.039532397,-0.002522113,0.01640086,0.06502137,0.023329098,-0.003888398,-0.08624162,0.01487256,-0.014862949,-0.03922194,0.0261103,-0.06789441,-0.025705317,0.07447636,0.059572272,-0.039138447,0.009538757,0.018796204,0.034740776,0.020821413,-0.013542781,-0.019176915,-0.023611883,0.002686194,0.07594325,-0.005418699,-0.08784342,0.03510969,-0.018250082,-0.013175128,0.000658948,-0.048351936,-0.028796682,0.009267043,-0.007198026,0.04914763,0.02242678,0.03751702,0.043303806,-0.03480037,-0.003014505,-0.012326381,0.015169012,0.001021687,-0.13347194,-0.03315216,-0.038813256,-0.034867145,-0.035264403,-0.023269603,0.006299028,-0.04618857,-0.06419857,-0.027992567,-0.100010596,-0.07376422,0.002009984,-0.007249466,-0.043619018,-0.035704874,-0.009548153,-0.005234557,0.10379994,0.08420625,-0.020973397,-0.049156755,0.05513711,-0.012993256,-0.08840034,0.06498393,0.024539754,-0.03837995,-0.06432171,-0.09077745,0.08411198,0.012301712,-0.055467296,-0.030311242,-0.011071493,0.024434233,0.025483644,-0.020826142,-0.01181778,-0.02482029,-0.10825075,0.023364108,-0.03911094,0.06505981,-0.075860105,0.026900852,0.13479595,-0.011472049,-0.07939642,0.00468771,0.020455806,-0.001471741,-0.001991935,-0.05327006,0.007563379,-0.006818918,0.031001594,0.02377739,0.035618413,0.029390523,0.04273079,-0.031038225,0.041644607,0.033432484,0.057368867,-0.010712734,0.001674912,-0.050203085,0.04963415,-0.017341845,0.038158726,-0.03121923,-0.011538378,-0.10601647,0.027388752,0.020062003,0.042526145,0.04462112,-0.004575308,-0.007026792,0.004417867,-0.009349908,0.040648274,0.08226622,0.046912573,-0.0709225,0.05573227,-0.006571787,-0.083311714,0.008051736,-0.008434069,-0.021372546,-0.064597756,0.06668022,0.07091002,0.12409294,-0.065090686,-0.008272545,-0.018821204,-0.048093274,-0.006518278,0.10232067,0.045905832,0.082751706,0.07821783,-0.07598113,-0.04847636,-0.0626146,-0.011886979,-0.02396667,0.031399973,-0.012144299,0.089953974,0.06620072,0.032179587,-0.017282192,-0.07654468,0.029458031,0.03163142,0.008381978,-0.07298975,-0.001606146,-0.06286474,0.033736374,-0.020407617,0.012447082,0.028603211,0.024502685,0.05486382,0.010984486,polar+bear
8,0.032015424,0.048939552,0.008819008,0.0815813,-0.07433577,-0.007670866,0.054186977,-0.062927336,0.039389014,0.05873998,-0.020138089,-0.10491097,-0.011606872,0.038281366,-0.08228937,0.026854873,0.001180323,0.12542552,-0.013364802,-0.063295424,-0.019456724,0.013469696,-0.03493611,-0.00088948,0.008865045,-0.02740551,-0.0937726,0.09814246,0.032774426,-0.011930491,-0.0211302,-0.008425282,-0.020472918,-0.009879355,0.002191533,-0.0092854,-0.019085633,-0.019882586,0.05619975,0.052698083,0.080844805,-0.039477475,0.035018705,0.008141172,-0.025607115,-0.043397684,-0.020431291,0.035817094,0.033404462,0.037954815,0.006126941,0.054908115,-0.007921352,-0.020721741,0.03288765,0.065673396,4.781708e-05,-0.08651772,0.06577416,-0.025240088,-0.03912855,0.061584223,-0.06887851,-0.07273755,-0.03361308,0.005592612,-0.01596242,0.09214657,-0.03833992,0.05211367,0.06427229,0.007395721,0.055384815,0.015045216,-0.072721496,-0.078769304,0.09904647,0.07420574,0.04792007,0.09247084,0.01774147,-0.063223295,0.04844447,-0.010439439,-0.03947901,-0.0592647,-0.09702525,0.07429967,-0.013141079,0.024336342,0.012426115,0.00494257,-0.045958173,-0.06785302,0.008927805,-0.050358504,0.064232476,0.016193224,-0.011449561,-0.013450203,-0.003291801,-0.067063525,0.01956075,0.033081803,-0.005514402,-0.064179204,0.003102087,-0.047053397,0.011809012,-0.055203993,-0.05718016,0.020018836,-0.003366965,-0.003178025,0.06152779,0.012548218,0.0330056,-0.029457998,0.038418908,0.028155621,-0.10094856,-0.009469603,-0.06551448,0.024001949,-0.040879034,-0.000640533,-0.04707372,-0.034292255,0.027362507,0.027322624,-0.034540616,-0.048735805,-0.08552359,-0.008451573,-0.021980347,-0.05310468,0.046052944,-0.042699255,-0.009947032,0.07038527,0.046130516,-0.027683496,-0.019751236,0.022219444,0.04160203,0.007083463,-0.025664061,-0.044849988,-0.052842844,-0.007511729,0.059826404,0.020418217,-0.0769454,0.032860965,-0.04720662,-0.02096603,-0.030875657,-0.07668808,-0.048043955,-0.011265901,0.013918547,0.05282692,0.01908825,0.027406448,0.007874995,-0.029266099,0.025431598,-0.017783785,0.017401876,-0.003335582,-0.110633,-0.03271336,-0.027478028,-0.05128635,-0.018759161,-0.014367648,0.04160087,-0.065886244,-0.061597735,-0.007125894,-0.06655089,-0.032801386,0.006205654,-0.006173156,-0.04234451,-0.033217505,-0.01172476,0.0146537,0.08123857,0.05163322,0.000574419,-0.014970304,0.024691701,-0.024872702,-0.05268998,0.025306756,-0.03249896,-0.025441652,-0.061180722,-0.09614837,0.04409762,0.011310412,-0.07748956,-0.022302309,-0.005445756,-0.002266745,-0.015356506,0.00452107,0.027718062,-0.009354917,-0.08426745,0.01852886,-0.03538826,0.06262861,-0.06595929,0.014400435,0.10294329,-0.012581261,-0.107274175,-0.002447249,0.018946888,0.001514085,-0.029111486,-0.04478616,0.018389735,-0.027240615,0.046463072,0.025862968,0.046018206,0.005835659,0.022544887,-0.03305766,0.03145782,0.05253573,0.038802095,-0.007912451,0.014995657,-0.03566446,0.06167695,0.021892723,0.027644455,-0.02169531,0.007710162,-0.07270143,0.03445021,0.02294971,0.016167,0.04635232,0.010225425,-0.032543343,0.01266099,0.03401147,0.030343527,0.05222963,0.02383497,-0.05453769,0.024478402,0.01908764,-0.08206991,-0.006733568,-0.006336156,-0.00031325,-0.082916155,0.07096034,0.060103256,0.10345477,-0.041268528,-0.016291795,-0.06123226,-0.002244518,0.017630646,0.10788758,0.044579707,0.06862227,0.06036033,-0.06636205,-0.044824928,-0.058453374,-0.023003038,-0.012384275,0.047031425,-0.012889589,0.04117968,0.047711466,0.015127783,-0.014992593,-0.08136915,0.009049731,0.032914463,0.055491675,-0.09473626,0.03120463,-0.06616684,0.023483736,-0.002483378,-0.000275826,0.043881625,0.010305525,0.018325798,0.005458965,collie
46,0.029484307,0.061177284,-0.002844734,0.08131458,-0.08581679,-0.011635045,0.0317841,-0.044555094,0.050749324,0.07834857,-0.017601285,-0.113054834,-0.03064934,0.03440129,-0.09491039,0.026245499,-0.000251619,0.11962239,-0.030405963,-0.04025488,-0.02637451,-0.005889878,-0.022333775,-0.003695602,0.025402244,-0.05806739,-0.09207459,0.0787449,0.03138245,-0.041732024,-0.033137366,0.019452037,-0.025729662,-0.015457965,0.003350939,-0.006279795,-0.015558058,-0.014861541,0.057483785,0.047712557,0.091104314,-0.012485359,0.044574164,0.015449686,-0.011106561,-0.051618952,-0.011496548,0.03660474,0.046566643,0.028571207,-0.001948477,0.03817539,-0.001474059,-0.033687502,0.019660566,0.03989313,-0.017481698,-0.07021694,0.070092335,-0.023780216,-0.058367264,0.06202069,-0.07989354,-0.1066187,-0.014560466,-0.024960075,-0.032841355,0.10584682,-0.04697545,0.024054304,0.046754986,0.009951495,0.04829047,-0.000788706,-0.1063969,-0.090995215,0.05855211,0.05441261,0.025730768,0.093164496,0.009449539,-0.05675416,0.038443577,-0.01564991,-0.023321334,-0.036475107,-0.09379049,0.06000179,-0.002577276,0.038181245,0.02074209,0.029874008,-0.054169945,-0.0678855,0.013608908,-0.04773755,0.07079275,0.006256614,0.0262621,-0.015209911,-0.004052176,-0.07325536,0.003887525,0.018790241,-0.025717128,-0.060417753,0.001305489,-0.045890115,0.042220067,-0.03740567,-0.075195126,0.006926531,0.000976751,0.008687964,0.048993163,0.017005095,0.042429037,-0.015626129,0.053250592,0.03923,-0.095340766,-0.007599927,-0.05677982,0.033327095,-0.034769125,-0.014068587,-0.038076688,-0.01476762,0.00878883,0.039415363,-0.011525916,-0.056865197,-0.07830618,0.015344816,-0.017192198,-0.055469435,0.039394625,-0.054911487,-0.014021346,0.0715743,0.062909365,-0.035621293,0.027864963,0.026497632,0.061038475,0.027870199,-0.024645505,-0.036339637,-0.051308893,0.01754225,0.07168649,0.016118987,-0.10559589,0.030369248,-0.015024975,-0.016593179,-0.026481992,-0.065596595,-0.04195995,-0.009569624,0.007857781,0.063469924,0.012208985,0.04958515,0.03330282,-0.039749853,0.001591195,-0.02358195,0.006701171,0.003698203,-0.13723812,-0.027363297,-0.033651866,-0.047271237,-0.028039226,-0.02930902,0.025187025,-0.042376593,-0.049858868,0.003947103,-0.07512982,-0.05737408,-0.005684341,0.003194327,-0.02864778,-0.02392527,-0.028506976,0.004596469,0.08994117,0.06993361,-0.000533883,-0.030248124,0.01696838,-0.044225834,-0.07280092,0.03379617,-0.009586911,-0.03473116,-0.0662452,-0.11574032,0.07835916,0.008770679,-0.06477622,-0.009585559,-0.025228668,0.017773781,-0.011846289,-0.020524278,-0.008158647,-0.015425904,-0.08434662,0.020391032,-0.023498628,0.060482472,-0.06901632,0.016799036,0.12326457,-0.008616441,-0.0880603,-0.003400537,0.03273813,0.009384218,-0.03251058,-0.054638762,0.052034277,-0.028977435,0.04751543,0.047748692,0.019239733,0.015869485,0.040851437,-0.050067462,0.036874615,0.031336304,0.066015825,-0.025946343,0.003499338,-0.02933512,0.07163783,0.003030733,0.035750464,-0.016107365,-0.000502924,-0.085047275,0.026169177,0.018080233,0.017245855,0.070448205,-0.019910106,-0.01571476,0.00355391,0.005734547,0.039249394,0.062186114,0.0381233,-0.07173039,0.022070456,0.010534099,-0.06700814,-0.012780279,-0.00595701,-0.01181149,-0.07746777,0.06740938,0.038166303,0.11995258,-0.054020565,-0.012495588,-0.0362983,-0.017359091,0.01662554,0.11541718,0.06822014,0.08799914,0.07319784,-0.061943214,-0.05350516,-0.07265815,-0.01746538,-0.017340822,0.02685464,-0.023444753,0.0540893,0.0471467,0.010977296,-0.008140127,-0.06896889,-0.007528476,0.03649782,0.06253071,-0.06801288,0.009926382,-0.06455795,0.014111726,-0.021304186,0.013846023,0.037383065,-0.010871523,0.05024414,0.006242453,walrus
36,0.02559503,0.08335684,-0.022454595,0.09295233,-0.09173815,0.00032925,0.029283425,-0.030999076,0.042634476,0.074907586,-0.001293673,-0.10669421,-0.012126992,0.052537702,-0.09415369,-0.007416503,-0.000335181,0.12035666,-0.035720117,-0.025444001,-0.028276583,-0.02917268,-0.025718376,0.006727237,0.01556458,-0.062920675,-0.0904173,0.0730445,0.013868528,-0.052859463,-0.020893177,0.006881716,-0.02026923,-0.020670392,0.011472255,-0.023812944,-0.013561159,-0.039096273,0.046020214,0.03390888,0.1120214,-0.028010348,0.060091864,0.018280413,-0.007406918,-0.05177793,-0.018363472,0.029673437,0.03959076,0.026384648,-0.022910643,0.026276028,-0.00381374,-0.0205956,0.02363699,0.043348808,0.007298279,-0.086348705,0.072760694,-0.001595352,-0.055768363,0.065444335,-0.08479418,-0.09393211,-0.026058838,-0.027974416,-0.013282356,0.11403714,-0.05494268,0.053649545,0.0637104,0.024837853,0.05088985,-0.012352882,-0.09719147,-0.06934402,0.050322957,0.04630991,0.019386966,0.08470218,-0.01263254,-0.040840812,0.045879345,-0.00105976,-0.020184454,-0.04376412,-0.10253694,0.05988984,-0.006451926,0.031119894,0.000567228,0.010936759,-0.052799404,-0.07654561,0.033746403,-0.055722523,0.03981721,-0.013302533,-0.006180667,-0.026620854,0.004864455,-0.08444987,0.02420177,0.03455595,0.003457361,-0.080743745,0.013577357,-0.038749993,0.017413646,-0.060078245,-0.07854088,-0.021747941,-0.020451033,0.015432203,0.043563828,0.003442089,0.04462441,-0.025049787,0.035033412,0.034681626,-0.096394144,-0.010491863,-0.063832104,0.009429077,-0.035763994,0.016593061,-0.051050015,-0.02724952,0.032003406,0.041825898,-0.007633478,-0.06996381,-0.059615325,0.000887175,-0.03308741,-0.02530988,0.043393936,-0.061429035,0.002054945,0.07672314,0.054755937,-0.03389574,0.010919275,0.029996952,0.056789078,0.03549885,-0.018847417,-0.043856047,-0.065747716,0.002900805,0.06615336,0.016219286,-0.09071248,0.022160595,-0.03013745,-0.015309234,-0.04911018,-0.055317543,-0.04171364,-0.00399352,0.002476351,0.05560728,0.004200936,0.039462082,0.015473371,-0.04178135,0.012613565,-0.022153774,0.007138926,-0.025042186,-0.15053654,-0.02565721,-0.0485553,-0.04847788,-0.02776736,-0.020550493,0.025178408,-0.05517894,-0.04428155,-0.004903368,-0.08214633,-0.05442375,0.018235613,-0.004480114,-0.04336862,-0.026131462,-0.036635514,0.002217732,0.08742165,0.076204345,-0.005648424,-0.051748652,0.012196105,-0.038854145,-0.09234722,0.024142928,-0.008698643,-0.0508941,-0.073404215,-0.107116625,0.10018138,0.013441658,-0.04593541,-0.017218824,-0.019901432,0.011694077,0.006318179,-0.029718116,0.010406056,-0.019967314,-0.10689913,0.008588973,-0.04622041,0.05799217,-0.05829649,0.034649655,0.093964756,-0.011804701,-0.110620424,0.013720428,0.018921163,-0.009850916,-0.05467227,-0.040307056,0.03816346,-0.011789105,0.035261463,0.032465447,0.025646288,0.016406322,0.037089605,-0.043081302,0.042419538,0.06976706,0.06669041,-0.032003313,0.009810828,-0.050792564,0.06563519,0.008110402,0.03744559,-0.018626237,0.00923128,-0.083095945,0.03154698,0.03383737,0.024883565,0.041169696,-0.010273682,-0.034078665,0.005398052,-0.006390707,0.028217342,0.062490284,0.039410047,-0.08101386,0.001961892,0.012793163,-0.07725138,-0.006564019,-0.005610982,-0.002790535,-0.072754696,0.08594972,0.056900848,0.12743893,-0.067976765,-0.003368275,-0.042868037,-0.007936234,0.01503784,0.10314796,0.05518651,0.07629007,0.065807395,-0.050246328,-0.043276314,-0.06317747,-0.017217392,-0.015570665,0.021294363,-0.004564959,0.055868465,0.040113643,-0.014830125,-0.010270638,-0.079117835,0.006616215,0.02476061,0.054465465,-0.090001754,0.02073685,-0.060751725,0.02589337,-0.033729367,0.010032374,0.011669837,-0.020121021,0.05305616,0.024313625,raccoon
9,0.023778792,0.06648155,0.000754164,0.08332869,-0.07987626,0.002195263,0.039426036,-0.04765454,0.034181025,0.056660216,0.00674417,-0.12852982,-0.02834869,0.071493134,-0.11140974,0.003424798,-0.02938908,0.13233171,-0.033232484,-0.026603973,-0.03548085,-0.015845895,-0.034682736,0.017189251,0.02019314,-0.05683309,-0.10759898,0.07289166,0.002949884,-0.044808343,-0.040284436,-0.018237535,-0.015082677,-0.018489446,-0.028554171,0.002559807,-0.020933071,-0.0367639,0.059933387,0.041825194,0.10489088,-0.006796723,0.03026636,0.005837894,-0.030356402,-0.07832888,-0.019218225,0.047735836,0.023101699,0.04240136,-0.012441052,-0.005646567,-0.005781616,-0.011490798,0.010618281,0.04645143,-0.022444684,-0.07043506,0.062914625,-0.025968608,-0.06596348,0.05184844,-0.08774966,-0.09307795,-0.013362815,-0.023679513,-0.026061196,0.10531026,-0.04751321,0.036137108,0.043796025,0.011170321,0.037342723,-0.00913208,-0.10127274,-0.08999535,0.05468341,0.057313096,0.021073963,0.08254745,0.00097624,-0.06329572,0.059091,0.008935588,-0.024870299,-0.044849835,-0.094251275,0.08597849,0.003849515,0.01879419,0.011923203,0.032574672,-0.04347413,-0.089833066,0.008115971,-0.05156237,0.06015582,-0.010591752,0.041595902,-0.038155112,0.014313373,-0.084562525,0.01778771,0.0385531,-0.007909134,-0.07888615,-0.0229848,-0.02908954,0.029223418,-0.0470851,-0.0668016,0.005134031,0.006638088,0.006647968,0.05752384,0.021383202,0.04491761,-0.032181725,0.034682818,0.04175525,-0.078931,-0.01749047,-0.08101533,-0.014892465,-0.049807552,-0.015305072,-0.03463945,-0.034196608,0.03479118,0.048512295,-0.025591379,-0.056339353,-0.061422087,0.012107644,-0.027845839,-0.03517698,0.03804367,-0.048904844,-0.002542332,0.05709628,0.051753312,-0.049553484,0.027137036,0.005241292,0.037234955,0.016836839,-0.015484789,-0.04081191,-0.076423384,0.020064445,0.04141745,0.001657003,-0.06047865,0.014227236,-0.029341137,-0.016804855,-0.039516743,-0.08057623,-0.042924438,-0.032856222,-0.020997573,0.058269907,0.018118989,0.052835118,0.037824683,-0.010370087,0.004999129,-0.014051558,-0.005719149,-0.016176295,-0.15605196,-0.029323693,-0.032220595,-0.05360972,-0.014999571,-0.045767117,0.036689688,-0.051139973,-0.056477148,0.015998846,-0.110367596,-0.034977745,0.0158304,0.00438667,-0.003810945,-0.017919706,-0.026971411,0.017558426,0.06591882,0.08537809,-0.008386496,-0.028449517,0.020239878,-0.046693105,-0.062066097,0.001675737,-0.010677591,-0.033059865,-0.058621783,-0.11336001,0.07937602,-0.013624499,-0.05126329,-0.020252308,-0.02915824,0.005662005,0.006386487,-0.008044422,0.015956087,-0.018462831,-0.08198704,-0.005255892,-0.021356242,0.055074923,-0.03362393,0.024613349,0.06499803,0.000383748,-0.077078804,-0.001064129,0.030344361,0.017984712,-0.019484283,-0.04336952,0.05210962,-0.029575545,0.03888562,0.049680367,0.023832874,0.009551464,0.011675453,-0.044991296,0.056574296,0.08182419,0.02663649,-0.054912347,0.014782158,-0.04040275,0.049204104,0.006229273,0.022394134,-0.025728356,0.018885273,-0.06683797,0.043489885,0.011425475,0.007018401,0.06196343,-0.032651868,-0.000212763,0.01714997,0.03444466,0.015059717,0.03921788,0.02223536,-0.0888214,0.011920405,0.018515766,-0.0732833,0.000701187,-0.000374903,-0.008272931,-0.0652409,0.09951563,0.07737242,0.101668514,-0.05833293,-0.01027222,-0.039108567,0.016342144,0.0089734,0.09525701,0.042832535,0.043248482,0.048715096,-0.070359215,-0.0441201,-0.074422754,-0.032809593,0.001599212,0.015988704,-0.026995588,0.062999554,0.043806266,-0.003782467,-0.025746252,-0.050920963,0.02389754,0.037243444,0.08065971,-0.10906551,0.01268481,-0.03756093,0.032389946,-0.013145894,0.047487784,0.012319253,-0.022353988,0.055047553,0.004358617,cow
12,0.013118519,0.057525147,-0.003549084,0.064191684,-0.08865036,-0.01350615,0.017081944,-0.055230074,0.05024291,0.0668029,-0.01992889,-0.12190654,-0.027691934,0.046343047,-0.095989615,0.028808981,-0.006953415,0.116018936,-0.023998816,-0.038367182,-0.003070106,0.000505239,-0.04107352,0.020767651,0.014161306,-0.07710687,-0.0766732,0.08483439,0.024934635,-0.05644505,-0.04148291,0.021011759,-0.029188171,-0.01296055,0.011964205,-0.01060486,-0.01346723,-0.016046034,0.06387381,0.019004773,0.08901169,0.002258547,0.037991203,0.048206173,-0.015918551,-0.064966656,-0.017001482,0.02332017,0.041524716,0.048293673,-0.002047233,0.040871695,-0.003931162,-0.03925412,0.019002324,0.05785516,-0.024952525,-0.079963975,0.06968124,-0.01825116,-0.060802452,0.06635489,-0.08571126,-0.107235864,-0.021632668,-0.006089567,-0.044228487,0.10732496,-0.032322057,0.04189643,0.020256136,-0.000782631,0.05517987,0.006118328,-0.084782824,-0.09848957,0.052954268,0.048125178,0.017385246,0.07954167,0.001090458,-0.04676756,0.031574573,-0.008243067,0.002319525,-0.049504295,-0.09745301,0.027464028,-0.029436234,0.035217386,0.031649336,0.011734816,-0.08004485,-0.050616823,0.021083046,-0.03302812,0.060488116,0.005122163,0.009199061,0.002291153,0.015503988,-0.0632898,0.009717936,0.017164303,0.000128083,-0.057331346,0.012063066,-0.052300245,0.062836945,-0.04267151,-0.07457477,0.021462303,-0.014536193,0.015523559,0.061350517,0.03281628,0.031070134,-0.02419452,0.04969805,0.017696101,-0.09546724,-0.005854202,-0.028347377,0.027215889,-0.031391546,-0.014183931,-0.043536037,-0.018625988,0.011785811,0.064172626,-0.004224879,-0.04084473,-0.07858507,-0.008487258,-0.011077066,-0.056332815,0.06393109,-0.044450667,-0.014119023,0.051059406,0.054552965,-0.04308343,-0.013979547,0.04523877,0.028911436,0.04529336,-0.015566262,0.003326974,-0.052778196,0.01873651,0.08100594,0.016773505,-0.11780049,0.043679334,-0.019685175,-0.026784843,-0.028728023,-0.07489301,-0.019390453,-0.015264775,0.01149548,0.076945975,-0.003484596,0.06330471,0.005598138,-0.045612663,0.011761631,-0.03906429,-0.003755498,-0.009590606,-0.13440612,-0.04028319,-0.021565674,-0.03563802,-0.017371053,-0.013058139,0.016305747,-0.04272464,-0.061175358,0.001160568,-0.069352634,-0.052312523,-0.001624661,-0.009295461,-0.020169634,-0.026243245,-0.00566282,-0.008529259,0.09384675,0.03588812,-0.026178315,-0.03973135,0.020883184,-0.06589101,-0.076234974,0.017813979,-0.013864989,-0.032157853,-0.07128686,-0.1113412,0.08279228,-0.005109469,-0.05901699,-0.024573874,-0.024341634,-0.015956903,-0.001966123,-0.025589611,-0.011193534,-0.018442014,-0.08980546,0.001623047,-0.03038012,0.050067704,-0.05570196,0.018193074,0.11695744,0.006208138,-0.109706424,-0.001896852,0.034767125,0.019140929,-0.041705094,-0.06163491,0.030546505,-0.029440278,0.044992607,0.057682473,0.03504309,0.006335743,0.043328915,-0.053664345,0.039045542,0.017828468,0.061197273,-0.030626824,0.008721077,-0.040338293,0.072707936,0.008194431,0.03645759,-0.024505649,-0.016016213,-0.080280274,0.019670809,0.028236324,-0.006082926,0.06512606,-0.009573175,-0.027622733,0.005466231,0.007535785,0.02817122,0.0642801,0.027719092,-0.09058911,0.037057072,0.017985307,-0.056661367,-0.006252875,0.000541338,0.00221935,-0.075095594,0.08618341,0.03639044,0.109701335,-0.047453955,-0.009581151,-0.040503208,0.00967108,-0.006013046,0.09740903,0.012803292,0.08121561,0.092715755,-0.066836275,-0.0695793,-0.060111552,-0.02922658,-0.020728337,0.017216587,-0.020550843,0.053443335,0.032496978,0.014499508,0.001437073,-0.06631527,-0.003618972,0.054763634,0.069993265,-0.06384579,0.009759991,-0.07589844,-0.014603267,-0.028350592,0.019034293,0.05395192,-0.016686276,0.04666299,0.008428101,dolphin
